event_id,date,league,home,away,team,minute,period,score_h,score_a
760415,2026-06-11,fifa.world,Mexico,South Africa,Mexico,9,1,,
760415,2026-06-11,fifa.world,Mexico,South Africa,Mexico,67,2,,
760414,2026-06-11,fifa.world,South Korea,Czechia,Czechia,59,2,,
760414,2026-06-11,fifa.world,South Korea,Czechia,South Korea,67,2,,
760414,2026-06-11,fifa.world,South Korea,Czechia,South Korea,80,2,,
760416,2026-06-12,fifa.world,Canada,Bosnia-Herzegovina,Bosnia-Herzegovina,21,1,,
760416,2026-06-12,fifa.world,Canada,Bosnia-Herzegovina,Canada,78,2,,
760417,2026-06-12,fifa.world,United States,Paraguay,United States,7,1,,
760417,2026-06-12,fifa.world,United States,Paraguay,United States,31,1,,
760417,2026-06-12,fifa.world,United States,Paraguay,United States,45,1,,
760417,2026-06-12,fifa.world,United States,Paraguay,Paraguay,73,2,,
760417,2026-06-12,fifa.world,United States,Paraguay,United States,90,2,,
760420,2026-06-13,fifa.world,Qatar,Switzerland,Switzerland,17,1,,
760420,2026-06-13,fifa.world,Qatar,Switzerland,Qatar,90,2,,
760419,2026-06-13,fifa.world,Brazil,Morocco,Morocco,21,1,,
760419,2026-06-13,fifa.world,Brazil,Morocco,Brazil,32,1,,
760418,2026-06-13,fifa.world,Haiti,Scotland,Scotland,28,1,,
760421,2026-06-14,fifa.world,Australia,Türkiye,Australia,27,1,,
760421,2026-06-14,fifa.world,Australia,Türkiye,Australia,75,2,,
760422,2026-06-14,fifa.world,Germany,Curaçao,Germany,6,1,,
760422,2026-06-14,fifa.world,Germany,Curaçao,Curaçao,21,1,,
760422,2026-06-14,fifa.world,Germany,Curaçao,Germany,38,1,,
760422,2026-06-14,fifa.world,Germany,Curaçao,Germany,45,1,,
760422,2026-06-14,fifa.world,Germany,Curaçao,Germany,47,2,,
760422,2026-06-14,fifa.world,Germany,Curaçao,Germany,68,2,,
760422,2026-06-14,fifa.world,Germany,Curaçao,Germany,78,2,,
760422,2026-06-14,fifa.world,Germany,Curaçao,Germany,88,2,,
760425,2026-06-14,fifa.world,Netherlands,Japan,Netherlands,51,2,,
760425,2026-06-14,fifa.world,Netherlands,Japan,Japan,57,2,,
760425,2026-06-14,fifa.world,Netherlands,Japan,Netherlands,64,2,,
760425,2026-06-14,fifa.world,Netherlands,Japan,Japan,89,2,,
760423,2026-06-14,fifa.world,Ivory Coast,Ecuador,Ivory Coast,90,2,,
760424,2026-06-14,fifa.world,Sweden,Tunisia,Sweden,7,1,,
760424,2026-06-14,fifa.world,Sweden,Tunisia,Sweden,30,1,,
760424,2026-06-14,fifa.world,Sweden,Tunisia,Tunisia,43,1,,
760424,2026-06-14,fifa.world,Sweden,Tunisia,Sweden,59,2,,
760424,2026-06-14,fifa.world,Sweden,Tunisia,Sweden,84,2,,
760424,2026-06-14,fifa.world,Sweden,Tunisia,Sweden,90,2,,
760426,2026-06-15,fifa.world,Belgium,Egypt,Egypt,20,1,,
760426,2026-06-15,fifa.world,Belgium,Egypt,Belgium,66,2,,
760429,2026-06-15,fifa.world,Saudi Arabia,Uruguay,Saudi Arabia,41,1,,
760429,2026-06-15,fifa.world,Saudi Arabia,Uruguay,Uruguay,80,2,,
760427,2026-06-15,fifa.world,Iran,New Zealand,New Zealand,7,1,,
760427,2026-06-15,fifa.world,Iran,New Zealand,Iran,32,1,,
760427,2026-06-15,fifa.world,Iran,New Zealand,New Zealand,54,2,,
760427,2026-06-15,fifa.world,Iran,New Zealand,Iran,64,2,,
760432,2026-06-16,fifa.world,France,Senegal,France,66,2,,
760432,2026-06-16,fifa.world,France,Senegal,France,82,2,,
760432,2026-06-16,fifa.world,France,Senegal,Senegal,90,2,,
760432,2026-06-16,fifa.world,France,Senegal,France,90,2,,
760430,2026-06-16,fifa.world,Iraq,Norway,Norway,29,1,,
760430,2026-06-16,fifa.world,Iraq,Norway,Iraq,39,1,,
760430,2026-06-16,fifa.world,Iraq,Norway,Norway,43,1,,
760430,2026-06-16,fifa.world,Iraq,Norway,Norway,76,2,,
760430,2026-06-16,fifa.world,Iraq,Norway,Norway,90,2,,
760433,2026-06-16,fifa.world,Argentina,Algeria,Argentina,17,1,,
760433,2026-06-16,fifa.world,Argentina,Algeria,Argentina,60,2,,
760433,2026-06-16,fifa.world,Argentina,Algeria,Argentina,76,2,,
760431,2026-06-17,fifa.world,Austria,Jordan,Austria,21,1,,
760431,2026-06-17,fifa.world,Austria,Jordan,Jordan,50,2,,
760431,2026-06-17,fifa.world,Austria,Jordan,Austria,76,2,,
760431,2026-06-17,fifa.world,Austria,Jordan,Austria,90,2,,
760435,2026-06-17,fifa.world,Portugal,Congo DR,Portugal,6,1,,
760435,2026-06-17,fifa.world,Portugal,Congo DR,Congo DR,45,1,,
760437,2026-06-17,fifa.world,England,Croatia,England,12,1,,
760437,2026-06-17,fifa.world,England,Croatia,Croatia,36,1,,
760437,2026-06-17,fifa.world,England,Croatia,England,42,1,,
760437,2026-06-17,fifa.world,England,Croatia,Croatia,45,1,,
760437,2026-06-17,fifa.world,England,Croatia,England,47,2,,
760437,2026-06-17,fifa.world,England,Croatia,England,85,2,,
760434,2026-06-17,fifa.world,Ghana,Panama,Ghana,90,2,,
760436,2026-06-17,fifa.world,Uzbekistan,Colombia,Colombia,40,1,,
760436,2026-06-17,fifa.world,Uzbekistan,Colombia,Uzbekistan,60,2,,
760436,2026-06-17,fifa.world,Uzbekistan,Colombia,Colombia,65,2,,
760436,2026-06-17,fifa.world,Uzbekistan,Colombia,Colombia,90,2,,
760438,2026-06-18,fifa.world,Czechia,South Africa,Czechia,6,1,,
760438,2026-06-18,fifa.world,Czechia,South Africa,South Africa,83,2,,
760439,2026-06-18,fifa.world,Switzerland,Bosnia-Herzegovina,Switzerland,74,2,,
760439,2026-06-18,fifa.world,Switzerland,Bosnia-Herzegovina,Switzerland,84,2,,
760439,2026-06-18,fifa.world,Switzerland,Bosnia-Herzegovina,Switzerland,90,2,,
760439,2026-06-18,fifa.world,Switzerland,Bosnia-Herzegovina,Bosnia-Herzegovina,90,2,,
760439,2026-06-18,fifa.world,Switzerland,Bosnia-Herzegovina,Switzerland,90,2,,
760440,2026-06-18,fifa.world,Canada,Qatar,Canada,16,1,,
760440,2026-06-18,fifa.world,Canada,Qatar,Canada,29,1,,
760440,2026-06-18,fifa.world,Canada,Qatar,Canada,45,1,,
760440,2026-06-18,fifa.world,Canada,Qatar,Canada,64,2,,
760440,2026-06-18,fifa.world,Canada,Qatar,Canada,75,2,,
760440,2026-06-18,fifa.world,Canada,Qatar,Canada,90,2,,
760441,2026-06-18,fifa.world,Mexico,South Korea,Mexico,50,2,,
760442,2026-06-19,fifa.world,United States,Australia,United States,11,1,,
760442,2026-06-19,fifa.world,United States,Australia,United States,43,1,,
760445,2026-06-19,fifa.world,Scotland,Morocco,Morocco,2,1,,
760444,2026-06-19,fifa.world,Brazil,Haiti,Brazil,23,1,,
760444,2026-06-19,fifa.world,Brazil,Haiti,Brazil,36,1,,
760444,2026-06-19,fifa.world,Brazil,Haiti,Brazil,45,1,,
760443,2026-06-19,fifa.world,Türkiye,Paraguay,Paraguay,2,1,,
760447,2026-06-20,fifa.world,Netherlands,Sweden,Netherlands,5,1,,
760447,2026-06-20,fifa.world,Netherlands,Sweden,Netherlands,17,1,,
760447,2026-06-20,fifa.world,Netherlands,Sweden,Netherlands,47,2,,
760447,2026-06-20,fifa.world,Netherlands,Sweden,Netherlands,54,2,,
760447,2026-06-20,fifa.world,Netherlands,Sweden,Sweden,59,2,,
760447,2026-06-20,fifa.world,Netherlands,Sweden,Netherlands,89,2,,
760448,2026-06-20,fifa.world,Germany,Ivory Coast,Ivory Coast,30,1,,
760448,2026-06-20,fifa.world,Germany,Ivory Coast,Germany,68,2,,
760448,2026-06-20,fifa.world,Germany,Ivory Coast,Germany,90,2,,
760449,2026-06-21,fifa.world,Tunisia,Japan,Japan,4,1,,
760449,2026-06-21,fifa.world,Tunisia,Japan,Japan,31,1,,
760449,2026-06-21,fifa.world,Tunisia,Japan,Japan,69,2,,
760449,2026-06-21,fifa.world,Tunisia,Japan,Japan,83,2,,
760453,2026-06-21,fifa.world,Spain,Saudi Arabia,Spain,10,1,,
760453,2026-06-21,fifa.world,Spain,Saudi Arabia,Spain,21,1,,
760453,2026-06-21,fifa.world,Spain,Saudi Arabia,Spain,24,1,,
760453,2026-06-21,fifa.world,Spain,Saudi Arabia,Spain,49,2,,
760450,2026-06-21,fifa.world,Uruguay,Cape Verde,Cape Verde,21,1,,
760450,2026-06-21,fifa.world,Uruguay,Cape Verde,Uruguay,44,1,,
760450,2026-06-21,fifa.world,Uruguay,Cape Verde,Uruguay,45,1,,
760450,2026-06-21,fifa.world,Uruguay,Cape Verde,Cape Verde,61,2,,
760452,2026-06-21,fifa.world,New Zealand,Egypt,New Zealand,15,1,,
760452,2026-06-21,fifa.world,New Zealand,Egypt,Egypt,58,2,,
760452,2026-06-21,fifa.world,New Zealand,Egypt,Egypt,67,2,,
760452,2026-06-21,fifa.world,New Zealand,Egypt,Egypt,82,2,,
760456,2026-06-22,fifa.world,Argentina,Austria,Argentina,38,1,,
760456,2026-06-22,fifa.world,Argentina,Austria,Argentina,90,2,,
760457,2026-06-22,fifa.world,France,Iraq,France,14,1,,
760457,2026-06-22,fifa.world,France,Iraq,France,54,2,,
760457,2026-06-22,fifa.world,France,Iraq,France,66,2,,
760454,2026-06-22,fifa.world,Norway,Senegal,Norway,43,1,,
760454,2026-06-22,fifa.world,Norway,Senegal,Norway,48,2,,
760454,2026-06-22,fifa.world,Norway,Senegal,Senegal,53,2,,
760454,2026-06-22,fifa.world,Norway,Senegal,Norway,58,2,,
760454,2026-06-22,fifa.world,Norway,Senegal,Senegal,90,2,,
760455,2026-06-22,fifa.world,Jordan,Algeria,Jordan,36,1,,
760455,2026-06-22,fifa.world,Jordan,Algeria,Algeria,69,2,,
760455,2026-06-22,fifa.world,Jordan,Algeria,Algeria,82,2,,
760461,2026-06-23,fifa.world,Portugal,Uzbekistan,Portugal,6,1,,
760461,2026-06-23,fifa.world,Portugal,Uzbekistan,Portugal,17,1,,
760461,2026-06-23,fifa.world,Portugal,Uzbekistan,Portugal,39,1,,
760461,2026-06-23,fifa.world,Portugal,Uzbekistan,Portugal,60,2,,
760461,2026-06-23,fifa.world,Portugal,Uzbekistan,Portugal,87,2,,
760460,2026-06-23,fifa.world,Panama,Croatia,Croatia,54,2,,
760459,2026-06-23,fifa.world,Colombia,Congo DR,Colombia,76,2,,
760462,2026-06-24,fifa.world,Bosnia-Herzegovina,Qatar,Bosnia-Herzegovina,29,1,,
760462,2026-06-24,fifa.world,Bosnia-Herzegovina,Qatar,Bosnia-Herzegovina,34,1,,
760462,2026-06-24,fifa.world,Bosnia-Herzegovina,Qatar,Qatar,42,1,,
760462,2026-06-24,fifa.world,Bosnia-Herzegovina,Qatar,Bosnia-Herzegovina,80,2,,
760463,2026-06-24,fifa.world,Switzerland,Canada,Switzerland,46,2,,
760463,2026-06-24,fifa.world,Switzerland,Canada,Switzerland,57,2,,
760463,2026-06-24,fifa.world,Switzerland,Canada,Canada,76,2,,
760464,2026-06-24,fifa.world,Morocco,Haiti,Haiti,10,1,,
760464,2026-06-24,fifa.world,Morocco,Haiti,Morocco,39,1,,
760464,2026-06-24,fifa.world,Morocco,Haiti,Haiti,43,1,,
760464,2026-06-24,fifa.world,Morocco,Haiti,Morocco,45,1,,
760464,2026-06-24,fifa.world,Morocco,Haiti,Morocco,78,2,,
760464,2026-06-24,fifa.world,Morocco,Haiti,Morocco,89,2,,
760465,2026-06-24,fifa.world,Scotland,Brazil,Brazil,7,1,,
760465,2026-06-24,fifa.world,Scotland,Brazil,Brazil,45,1,,
760465,2026-06-24,fifa.world,Scotland,Brazil,Brazil,60,2,,
760467,2026-06-24,fifa.world,Czechia,Mexico,Mexico,55,2,,
760467,2026-06-24,fifa.world,Czechia,Mexico,Mexico,61,2,,
760467,2026-06-24,fifa.world,Czechia,Mexico,Mexico,90,2,,
760466,2026-06-24,fifa.world,South Africa,South Korea,South Africa,63,2,,
760473,2026-06-25,fifa.world,Curaçao,Ivory Coast,Ivory Coast,7,1,,
760473,2026-06-25,fifa.world,Curaçao,Ivory Coast,Ivory Coast,64,2,,
760468,2026-06-25,fifa.world,Ecuador,Germany,Germany,2,1,,
760468,2026-06-25,fifa.world,Ecuador,Germany,Ecuador,9,1,,
760468,2026-06-25,fifa.world,Ecuador,Germany,Ecuador,77,2,,
760471,2026-06-25,fifa.world,Japan,Sweden,Japan,56,2,,
760471,2026-06-25,fifa.world,Japan,Sweden,Sweden,62,2,,
760472,2026-06-25,fifa.world,Tunisia,Netherlands,Netherlands,3,1,,
760472,2026-06-25,fifa.world,Tunisia,Netherlands,Netherlands,7,1,,
760472,2026-06-25,fifa.world,Tunisia,Netherlands,Tunisia,54,2,,
760472,2026-06-25,fifa.world,Tunisia,Netherlands,Netherlands,62,2,,
760470,2026-06-25,fifa.world,Türkiye,United States,United States,3,1,,
760470,2026-06-25,fifa.world,Türkiye,United States,Türkiye,10,1,,
760470,2026-06-25,fifa.world,Türkiye,United States,Türkiye,31,1,,
760470,2026-06-25,fifa.world,Türkiye,United States,United States,49,2,,
760470,2026-06-25,fifa.world,Türkiye,United States,Türkiye,90,2,,
760475,2026-06-26,fifa.world,Norway,France,France,7,1,,
760475,2026-06-26,fifa.world,Norway,France,France,20,1,,
760475,2026-06-26,fifa.world,Norway,France,Norway,21,1,,
760475,2026-06-26,fifa.world,Norway,France,France,32,1,,
760475,2026-06-26,fifa.world,Norway,France,France,90,2,,
760474,2026-06-26,fifa.world,Senegal,Iraq,Senegal,4,1,,
760474,2026-06-26,fifa.world,Senegal,Iraq,Senegal,56,2,,
760474,2026-06-26,fifa.world,Senegal,Iraq,Senegal,59,2,,
760474,2026-06-26,fifa.world,Senegal,Iraq,Senegal,71,2,,
760474,2026-06-26,fifa.world,Senegal,Iraq,Senegal,82,2,,
760479,2026-06-26,fifa.world,Uruguay,Spain,Spain,42,1,,
760476,2026-06-26,fifa.world,Egypt,Iran,Egypt,5,1,,
760476,2026-06-26,fifa.world,Egypt,Iran,Iran,14,1,,
760477,2026-06-26,fifa.world,New Zealand,Belgium,Belgium,28,1,,
760477,2026-06-26,fifa.world,New Zealand,Belgium,Belgium,50,2,,
760477,2026-06-26,fifa.world,New Zealand,Belgium,Belgium,66,2,,
760477,2026-06-26,fifa.world,New Zealand,Belgium,New Zealand,84,2,,
760477,2026-06-26,fifa.world,New Zealand,Belgium,Belgium,86,2,,
760477,2026-06-26,fifa.world,New Zealand,Belgium,Belgium,90,2,,
760480,2026-06-27,fifa.world,Croatia,Ghana,Croatia,31,1,,
760480,2026-06-27,fifa.world,Croatia,Ghana,Ghana,73,2,,
760480,2026-06-27,fifa.world,Croatia,Ghana,Croatia,83,2,,
760485,2026-06-27,fifa.world,Panama,England,England,62,2,,
760485,2026-06-27,fifa.world,Panama,England,England,67,2,,
760482,2026-06-27,fifa.world,Congo DR,Uzbekistan,Uzbekistan,10,1,,
760482,2026-06-27,fifa.world,Congo DR,Uzbekistan,Congo DR,68,2,,
760482,2026-06-27,fifa.world,Congo DR,Uzbekistan,Congo DR,78,2,,
760482,2026-06-27,fifa.world,Congo DR,Uzbekistan,Congo DR,90,2,,
760484,2026-06-27,fifa.world,Algeria,Austria,Austria,28,1,,
760484,2026-06-27,fifa.world,Algeria,Austria,Algeria,45,1,,
760484,2026-06-27,fifa.world,Algeria,Austria,Austria,55,2,,
760484,2026-06-27,fifa.world,Algeria,Austria,Algeria,60,2,,
760484,2026-06-27,fifa.world,Algeria,Austria,Algeria,90,2,,
760484,2026-06-27,fifa.world,Algeria,Austria,Austria,90,2,,
760483,2026-06-27,fifa.world,Jordan,Argentina,Argentina,19,1,,
760483,2026-06-27,fifa.world,Jordan,Argentina,Argentina,31,1,,
760483,2026-06-27,fifa.world,Jordan,Argentina,Jordan,55,2,,
760483,2026-06-27,fifa.world,Jordan,Argentina,Argentina,80,2,,
760486,2026-06-28,fifa.world,South Africa,Canada,Canada,90,2,,
760487,2026-06-29,fifa.world,Brazil,Japan,Japan,29,1,,
760487,2026-06-29,fifa.world,Brazil,Japan,Brazil,56,2,,
760487,2026-06-29,fifa.world,Brazil,Japan,Brazil,90,2,,
760489,2026-06-29,fifa.world,Germany,Paraguay,Paraguay,42,1,,
760489,2026-06-29,fifa.world,Germany,Paraguay,Germany,54,2,,
760489,2026-06-29,fifa.world,Germany,Paraguay,Paraguay,120,ET,,
760489,2026-06-29,fifa.world,Germany,Paraguay,Germany,120,ET,,
760489,2026-06-29,fifa.world,Germany,Paraguay,Paraguay,120,ET,,
760489,2026-06-29,fifa.world,Germany,Paraguay,Germany,120,ET,,
760489,2026-06-29,fifa.world,Germany,Paraguay,Paraguay,120,ET,,
760489,2026-06-29,fifa.world,Germany,Paraguay,Germany,120,ET,,
760489,2026-06-29,fifa.world,Germany,Paraguay,Paraguay,120,ET,,
760488,2026-06-29,fifa.world,Netherlands,Morocco,Netherlands,72,2,,
760488,2026-06-29,fifa.world,Netherlands,Morocco,Morocco,90,2,,
760488,2026-06-29,fifa.world,Netherlands,Morocco,Netherlands,120,ET,,
760488,2026-06-29,fifa.world,Netherlands,Morocco,Morocco,120,ET,,
760488,2026-06-29,fifa.world,Netherlands,Morocco,Netherlands,120,ET,,
760488,2026-06-29,fifa.world,Netherlands,Morocco,Morocco,120,ET,,
760488,2026-06-29,fifa.world,Netherlands,Morocco,Morocco,120,ET,,
760490,2026-06-30,fifa.world,Ivory Coast,Norway,Norway,39,1,,
760490,2026-06-30,fifa.world,Ivory Coast,Norway,Ivory Coast,74,2,,
760490,2026-06-30,fifa.world,Ivory Coast,Norway,Norway,86,2,,
760492,2026-06-30,fifa.world,France,Sweden,France,45,1,,
760492,2026-06-30,fifa.world,France,Sweden,France,53,2,,
760492,2026-06-30,fifa.world,France,Sweden,France,74,2,,
760491,2026-06-30,fifa.world,Mexico,Ecuador,Mexico,22,1,,
760491,2026-06-30,fifa.world,Mexico,Ecuador,Mexico,31,1,,
760495,2026-07-01,fifa.world,England,Congo DR,Congo DR,7,1,,
760495,2026-07-01,fifa.world,England,Congo DR,England,75,2,,
760495,2026-07-01,fifa.world,England,Congo DR,England,86,2,,
760493,2026-07-01,fifa.world,Belgium,Senegal,Senegal,24,1,,
760493,2026-07-01,fifa.world,Belgium,Senegal,Senegal,51,2,,
760493,2026-07-01,fifa.world,Belgium,Senegal,Belgium,86,2,,
760493,2026-07-01,fifa.world,Belgium,Senegal,Belgium,89,2,,
760493,2026-07-01,fifa.world,Belgium,Senegal,Belgium,120,ET,,
760494,2026-07-01,fifa.world,United States,Bosnia-Herzegovina,United States,45,1,,
760494,2026-07-01,fifa.world,United States,Bosnia-Herzegovina,United States,82,2,,
760497,2026-07-02,fifa.world,Spain,Austria,Spain,36,1,,
760497,2026-07-02,fifa.world,Spain,Austria,Spain,66,2,,
760497,2026-07-02,fifa.world,Spain,Austria,Spain,89,2,,
760496,2026-07-02,fifa.world,Portugal,Croatia,Croatia,53,2,,
760496,2026-07-02,fifa.world,Portugal,Croatia,Portugal,68,2,,
760496,2026-07-02,fifa.world,Portugal,Croatia,Portugal,90,2,,
760498,2026-07-02,fifa.world,Switzerland,Algeria,Switzerland,10,1,,
760498,2026-07-02,fifa.world,Switzerland,Algeria,Switzerland,46,2,,
760499,2026-07-03,fifa.world,Australia,Egypt,Egypt,13,1,,
760499,2026-07-03,fifa.world,Australia,Egypt,Australia,55,2,,
760499,2026-07-03,fifa.world,Australia,Egypt,Egypt,120,ET,,
760499,2026-07-03,fifa.world,Australia,Egypt,Australia,120,ET,,
760499,2026-07-03,fifa.world,Australia,Egypt,Egypt,120,ET,,
760499,2026-07-03,fifa.world,Australia,Egypt,Australia,120,ET,,
760499,2026-07-03,fifa.world,Australia,Egypt,Egypt,120,ET,,
760499,2026-07-03,fifa.world,Australia,Egypt,Egypt,120,ET,,
760500,2026-07-03,fifa.world,Argentina,Cape Verde,Argentina,29,1,,
760500,2026-07-03,fifa.world,Argentina,Cape Verde,Cape Verde,59,2,,
760500,2026-07-03,fifa.world,Argentina,Cape Verde,Argentina,92,ET,,
760500,2026-07-03,fifa.world,Argentina,Cape Verde,Cape Verde,103,ET,,
760500,2026-07-03,fifa.world,Argentina,Cape Verde,Argentina,111,ET,,
760501,2026-07-03,fifa.world,Colombia,Ghana,Colombia,14,1,,
760502,2026-07-04,fifa.world,Canada,Morocco,Morocco,50,2,,
760502,2026-07-04,fifa.world,Canada,Morocco,Morocco,82,2,,
760502,2026-07-04,fifa.world,Canada,Morocco,Morocco,90,2,,
760503,2026-07-04,fifa.world,Paraguay,France,France,70,2,,
760504,2026-07-05,fifa.world,Brazil,Norway,Norway,79,2,,
760504,2026-07-05,fifa.world,Brazil,Norway,Norway,90,2,,
760504,2026-07-05,fifa.world,Brazil,Norway,Brazil,90,2,,
760505,2026-07-05,fifa.world,Mexico,England,England,36,1,,
760505,2026-07-05,fifa.world,Mexico,England,England,38,1,,
760505,2026-07-05,fifa.world,Mexico,England,Mexico,42,1,,
760505,2026-07-05,fifa.world,Mexico,England,England,60,2,,
760505,2026-07-05,fifa.world,Mexico,England,Mexico,69,2,,
760506,2026-07-06,fifa.world,Portugal,Spain,Spain,90,2,,
760507,2026-07-06,fifa.world,United States,Belgium,Belgium,9,1,,
760507,2026-07-06,fifa.world,United States,Belgium,United States,31,1,,
760507,2026-07-06,fifa.world,United States,Belgium,Belgium,33,1,,
760507,2026-07-06,fifa.world,United States,Belgium,Belgium,57,2,,
760507,2026-07-06,fifa.world,United States,Belgium,Belgium,90,2,,
760509,2026-07-07,fifa.world,Argentina,Egypt,Egypt,15,1,,
760509,2026-07-07,fifa.world,Argentina,Egypt,Egypt,67,2,,
760509,2026-07-07,fifa.world,Argentina,Egypt,Argentina,79,2,,
760509,2026-07-07,fifa.world,Argentina,Egypt,Argentina,83,2,,
760509,2026-07-07,fifa.world,Argentina,Egypt,Argentina,90,2,,
760508,2026-07-07,fifa.world,Switzerland,Colombia,Colombia,120,ET,,
760508,2026-07-07,fifa.world,Switzerland,Colombia,Switzerland,120,ET,,
760508,2026-07-07,fifa.world,Switzerland,Colombia,Switzerland,120,ET,,
760508,2026-07-07,fifa.world,Switzerland,Colombia,Colombia,120,ET,,
760508,2026-07-07,fifa.world,Switzerland,Colombia,Switzerland,120,ET,,
760508,2026-07-07,fifa.world,Switzerland,Colombia,Colombia,120,ET,,
760508,2026-07-07,fifa.world,Switzerland,Colombia,Switzerland,120,ET,,
760510,2026-07-09,fifa.world,France,Morocco,France,60,2,,
760510,2026-07-09,fifa.world,France,Morocco,France,66,2,,
760511,2026-07-10,fifa.world,Spain,Belgium,Spain,30,1,,
760511,2026-07-10,fifa.world,Spain,Belgium,Belgium,41,1,,
760511,2026-07-10,fifa.world,Spain,Belgium,Spain,88,2,,
760512,2026-07-11,fifa.world,Norway,England,Norway,36,1,,
760512,2026-07-11,fifa.world,Norway,England,England,45,1,,
760512,2026-07-11,fifa.world,Norway,England,England,93,ET,,
760513,2026-07-11,fifa.world,Argentina,Switzerland,Argentina,10,1,,
760513,2026-07-11,fifa.world,Argentina,Switzerland,Switzerland,67,2,,
760513,2026-07-11,fifa.world,Argentina,Switzerland,Argentina,112,ET,,
760513,2026-07-11,fifa.world,Argentina,Switzerland,Argentina,120,ET,,
760514,2026-07-14,fifa.world,France,Spain,Spain,22,1,,
760514,2026-07-14,fifa.world,France,Spain,Spain,58,2,,
760515,2026-07-15,fifa.world,England,Argentina,England,55,2,,
760515,2026-07-15,fifa.world,England,Argentina,Argentina,85,2,,
760515,2026-07-15,fifa.world,England,Argentina,Argentina,90,2,,
633790,2022-11-20,fifa.world,Qatar,Ecuador,Ecuador,16,1,,
633790,2022-11-20,fifa.world,Qatar,Ecuador,Ecuador,31,1,,
633789,2022-11-21,fifa.world,England,Iran,England,35,1,,
633789,2022-11-21,fifa.world,England,Iran,England,43,1,,
633789,2022-11-21,fifa.world,England,Iran,England,45,1,,
633789,2022-11-21,fifa.world,England,Iran,England,62,2,,
633789,2022-11-21,fifa.world,England,Iran,Iran,65,2,,
633789,2022-11-21,fifa.world,England,Iran,England,71,2,,
633789,2022-11-21,fifa.world,England,Iran,England,90,2,,
633789,2022-11-21,fifa.world,England,Iran,Iran,90,2,,
633788,2022-11-21,fifa.world,Senegal,Netherlands,Netherlands,84,2,,
633788,2022-11-21,fifa.world,Senegal,Netherlands,Netherlands,90,2,,
633787,2022-11-21,fifa.world,United States,Wales,United States,36,1,,
633787,2022-11-21,fifa.world,United States,Wales,Wales,82,2,,
633794,2022-11-22,fifa.world,Argentina,Saudi Arabia,Argentina,10,1,,
633794,2022-11-22,fifa.world,Argentina,Saudi Arabia,Saudi Arabia,48,2,,
633794,2022-11-22,fifa.world,Argentina,Saudi Arabia,Saudi Arabia,53,2,,
633792,2022-11-22,fifa.world,France,Australia,Australia,9,1,,
633792,2022-11-22,fifa.world,France,Australia,France,27,1,,
633792,2022-11-22,fifa.world,France,Australia,France,32,1,,
633792,2022-11-22,fifa.world,France,Australia,France,68,2,,
633792,2022-11-22,fifa.world,France,Australia,France,71,2,,
633797,2022-11-23,fifa.world,Germany,Japan,Germany,33,1,,
633797,2022-11-23,fifa.world,Germany,Japan,Japan,75,2,,
633797,2022-11-23,fifa.world,Germany,Japan,Japan,83,2,,
633798,2022-11-23,fifa.world,Spain,Costa Rica,Spain,11,1,,
633798,2022-11-23,fifa.world,Spain,Costa Rica,Spain,21,1,,
633798,2022-11-23,fifa.world,Spain,Costa Rica,Spain,31,1,,
633798,2022-11-23,fifa.world,Spain,Costa Rica,Spain,54,2,,
633798,2022-11-23,fifa.world,Spain,Costa Rica,Spain,74,2,,
633798,2022-11-23,fifa.world,Spain,Costa Rica,Spain,90,2,,
633798,2022-11-23,fifa.world,Spain,Costa Rica,Spain,90,2,,
633796,2022-11-23,fifa.world,Belgium,Canada,Belgium,44,1,,
633801,2022-11-24,fifa.world,Switzerland,Cameroon,Switzerland,48,2,,
633800,2022-11-24,fifa.world,Portugal,Ghana,Portugal,65,2,,
633800,2022-11-24,fifa.world,Portugal,Ghana,Ghana,73,2,,
633800,2022-11-24,fifa.world,Portugal,Ghana,Portugal,78,2,,
633800,2022-11-24,fifa.world,Portugal,Ghana,Portugal,80,2,,
633800,2022-11-24,fifa.world,Portugal,Ghana,Ghana,89,2,,
633802,2022-11-24,fifa.world,Brazil,Serbia,Brazil,62,2,,
633802,2022-11-24,fifa.world,Brazil,Serbia,Brazil,73,2,,
633806,2022-11-25,fifa.world,Wales,Iran,Iran,90,2,,
633806,2022-11-25,fifa.world,Wales,Iran,Iran,90,2,,
633803,2022-11-25,fifa.world,Qatar,Senegal,Senegal,41,1,,
633803,2022-11-25,fifa.world,Qatar,Senegal,Senegal,48,2,,
633803,2022-11-25,fifa.world,Qatar,Senegal,Qatar,78,2,,
633803,2022-11-25,fifa.world,Qatar,Senegal,Senegal,84,2,,
633805,2022-11-25,fifa.world,Netherlands,Ecuador,Netherlands,6,1,,
633805,2022-11-25,fifa.world,Netherlands,Ecuador,Ecuador,49,2,,
633808,2022-11-26,fifa.world,Tunisia,Australia,Australia,23,1,,
633809,2022-11-26,fifa.world,Poland,Saudi Arabia,Poland,39,1,,
633809,2022-11-26,fifa.world,Poland,Saudi Arabia,Poland,82,2,,
633810,2022-11-26,fifa.world,France,Denmark,France,61,2,,
633810,2022-11-26,fifa.world,France,Denmark,Denmark,68,2,,
633810,2022-11-26,fifa.world,France,Denmark,France,86,2,,
633807,2022-11-26,fifa.world,Argentina,Mexico,Argentina,64,2,,
633807,2022-11-26,fifa.world,Argentina,Mexico,Argentina,87,2,,
633813,2022-11-27,fifa.world,Japan,Costa Rica,Costa Rica,81,2,,
633814,2022-11-27,fifa.world,Belgium,Morocco,Morocco,73,2,,
633814,2022-11-27,fifa.world,Belgium,Morocco,Morocco,90,2,,
633811,2022-11-27,fifa.world,Croatia,Canada,Canada,2,1,,
633811,2022-11-27,fifa.world,Croatia,Canada,Croatia,36,1,,
633811,2022-11-27,fifa.world,Croatia,Canada,Croatia,44,1,,
633811,2022-11-27,fifa.world,Croatia,Canada,Croatia,70,2,,
633811,2022-11-27,fifa.world,Croatia,Canada,Croatia,90,2,,
633812,2022-11-27,fifa.world,Spain,Germany,Spain,62,2,,
633812,2022-11-27,fifa.world,Spain,Germany,Germany,83,2,,
633816,2022-11-28,fifa.world,Cameroon,Serbia,Cameroon,29,1,,
633816,2022-11-28,fifa.world,Cameroon,Serbia,Serbia,45,1,,
633816,2022-11-28,fifa.world,Cameroon,Serbia,Serbia,45,1,,
633816,2022-11-28,fifa.world,Cameroon,Serbia,Serbia,53,2,,
633816,2022-11-28,fifa.world,Cameroon,Serbia,Cameroon,63,2,,
633816,2022-11-28,fifa.world,Cameroon,Serbia,Cameroon,66,2,,
633818,2022-11-28,fifa.world,South Korea,Ghana,Ghana,24,1,,
633818,2022-11-28,fifa.world,South Korea,Ghana,Ghana,34,1,,
633818,2022-11-28,fifa.world,South Korea,Ghana,South Korea,58,2,,
633818,2022-11-28,fifa.world,South Korea,Ghana,South Korea,61,2,,
633818,2022-11-28,fifa.world,South Korea,Ghana,Ghana,68,2,,
633815,2022-11-28,fifa.world,Brazil,Switzerland,Brazil,83,2,,
633817,2022-11-28,fifa.world,Portugal,Uruguay,Portugal,54,2,,
633817,2022-11-28,fifa.world,Portugal,Uruguay,Portugal,90,2,,
633819,2022-11-29,fifa.world,Ecuador,Senegal,Senegal,44,1,,
633819,2022-11-29,fifa.world,Ecuador,Senegal,Ecuador,67,2,,
633819,2022-11-29,fifa.world,Ecuador,Senegal,Senegal,70,2,,
633821,2022-11-29,fifa.world,Netherlands,Qatar,Netherlands,26,1,,
633821,2022-11-29,fifa.world,Netherlands,Qatar,Netherlands,49,2,,
633822,2022-11-29,fifa.world,Iran,United States,United States,38,1,,
633820,2022-11-29,fifa.world,Wales,England,England,50,2,,
633820,2022-11-29,fifa.world,Wales,England,England,51,2,,
633820,2022-11-29,fifa.world,Wales,England,England,68,2,,
633826,2022-11-30,fifa.world,Australia,Denmark,Australia,60,2,,
633825,2022-11-30,fifa.world,Tunisia,France,Tunisia,58,2,,
633824,2022-11-30,fifa.world,Poland,Argentina,Argentina,46,2,,
633824,2022-11-30,fifa.world,Poland,Argentina,Argentina,67,2,,
633823,2022-11-30,fifa.world,Saudi Arabia,Mexico,Mexico,47,2,,
633823,2022-11-30,fifa.world,Saudi Arabia,Mexico,Mexico,52,2,,
633823,2022-11-30,fifa.world,Saudi Arabia,Mexico,Saudi Arabia,90,2,,
633829,2022-12-01,fifa.world,Canada,Morocco,Morocco,4,1,,
633829,2022-12-01,fifa.world,Canada,Morocco,Morocco,23,1,,
633829,2022-12-01,fifa.world,Canada,Morocco,Canada,40,1,,
633827,2022-12-01,fifa.world,Costa Rica,Germany,Germany,10,1,,
633827,2022-12-01,fifa.world,Costa Rica,Germany,Costa Rica,58,2,,
633827,2022-12-01,fifa.world,Costa Rica,Germany,Costa Rica,70,2,,
633827,2022-12-01,fifa.world,Costa Rica,Germany,Germany,73,2,,
633827,2022-12-01,fifa.world,Costa Rica,Germany,Germany,85,2,,
633827,2022-12-01,fifa.world,Costa Rica,Germany,Germany,89,2,,
633828,2022-12-01,fifa.world,Japan,Spain,Spain,11,1,,
633828,2022-12-01,fifa.world,Japan,Spain,Japan,48,2,,
633828,2022-12-01,fifa.world,Japan,Spain,Japan,51,2,,
633834,2022-12-02,fifa.world,Ghana,Uruguay,Uruguay,26,1,,
633834,2022-12-02,fifa.world,Ghana,Uruguay,Uruguay,32,1,,
633832,2022-12-02,fifa.world,South Korea,Portugal,Portugal,5,1,,
633832,2022-12-02,fifa.world,South Korea,Portugal,South Korea,27,1,,
633832,2022-12-02,fifa.world,South Korea,Portugal,South Korea,90,2,,
633831,2022-12-02,fifa.world,Cameroon,Brazil,Cameroon,90,2,,
633833,2022-12-02,fifa.world,Serbia,Switzerland,Switzerland,20,1,,
633833,2022-12-02,fifa.world,Serbia,Switzerland,Serbia,26,1,,
633833,2022-12-02,fifa.world,Serbia,Switzerland,Serbia,35,1,,
633833,2022-12-02,fifa.world,Serbia,Switzerland,Switzerland,44,1,,
633833,2022-12-02,fifa.world,Serbia,Switzerland,Switzerland,48,2,,
633835,2022-12-03,fifa.world,Netherlands,United States,Netherlands,10,1,,
633835,2022-12-03,fifa.world,Netherlands,United States,Netherlands,45,1,,
633835,2022-12-03,fifa.world,Netherlands,United States,United States,76,2,,
633835,2022-12-03,fifa.world,Netherlands,United States,Netherlands,81,2,,
633836,2022-12-03,fifa.world,Argentina,Australia,Argentina,35,1,,
633836,2022-12-03,fifa.world,Argentina,Australia,Argentina,57,2,,
633836,2022-12-03,fifa.world,Argentina,Australia,Australia,77,2,,
633837,2022-12-04,fifa.world,France,Poland,France,44,1,,
633837,2022-12-04,fifa.world,France,Poland,France,74,2,,
633837,2022-12-04,fifa.world,France,Poland,France,90,2,,
633837,2022-12-04,fifa.world,France,Poland,Poland,90,2,,
633838,2022-12-04,fifa.world,England,Senegal,England,39,1,,
633838,2022-12-04,fifa.world,England,Senegal,England,45,1,,
633838,2022-12-04,fifa.world,England,Senegal,England,57,2,,
633839,2022-12-05,fifa.world,Japan,Croatia,Japan,43,1,,
633839,2022-12-05,fifa.world,Japan,Croatia,Croatia,55,2,,
633839,2022-12-05,fifa.world,Japan,Croatia,Japan,120,ET,,
633839,2022-12-05,fifa.world,Japan,Croatia,Croatia,120,ET,,
633839,2022-12-05,fifa.world,Japan,Croatia,Croatia,120,ET,,
633839,2022-12-05,fifa.world,Japan,Croatia,Croatia,120,ET,,
633840,2022-12-05,fifa.world,Brazil,South Korea,Brazil,7,1,,
633840,2022-12-05,fifa.world,Brazil,South Korea,Brazil,13,1,,
633840,2022-12-05,fifa.world,Brazil,South Korea,Brazil,29,1,,
633840,2022-12-05,fifa.world,Brazil,South Korea,Brazil,36,1,,
633840,2022-12-05,fifa.world,Brazil,South Korea,South Korea,76,2,,
633841,2022-12-06,fifa.world,Morocco,Spain,Morocco,120,ET,,
633841,2022-12-06,fifa.world,Morocco,Spain,Morocco,120,ET,,
633841,2022-12-06,fifa.world,Morocco,Spain,Morocco,120,ET,,
633842,2022-12-06,fifa.world,Portugal,Switzerland,Portugal,17,1,,
633842,2022-12-06,fifa.world,Portugal,Switzerland,Portugal,33,1,,
633842,2022-12-06,fifa.world,Portugal,Switzerland,Portugal,51,2,,
633842,2022-12-06,fifa.world,Portugal,Switzerland,Portugal,55,2,,
633842,2022-12-06,fifa.world,Portugal,Switzerland,Switzerland,58,2,,
633842,2022-12-06,fifa.world,Portugal,Switzerland,Portugal,67,2,,
633842,2022-12-06,fifa.world,Portugal,Switzerland,Portugal,90,2,,
633843,2022-12-09,fifa.world,Croatia,Brazil,Brazil,105,ET,,
633843,2022-12-09,fifa.world,Croatia,Brazil,Croatia,117,ET,,
633843,2022-12-09,fifa.world,Croatia,Brazil,Brazil,120,ET,,
633843,2022-12-09,fifa.world,Croatia,Brazil,Brazil,120,ET,,
633843,2022-12-09,fifa.world,Croatia,Brazil,Croatia,120,ET,,
633843,2022-12-09,fifa.world,Croatia,Brazil,Croatia,120,ET,,
633843,2022-12-09,fifa.world,Croatia,Brazil,Croatia,120,ET,,
633843,2022-12-09,fifa.world,Croatia,Brazil,Croatia,120,ET,,
633844,2022-12-09,fifa.world,Netherlands,Argentina,Argentina,35,1,,
633844,2022-12-09,fifa.world,Netherlands,Argentina,Argentina,73,2,,
633844,2022-12-09,fifa.world,Netherlands,Argentina,Netherlands,83,2,,
633844,2022-12-09,fifa.world,Netherlands,Argentina,Netherlands,90,2,,
633844,2022-12-09,fifa.world,Netherlands,Argentina,Argentina,120,ET,,
633844,2022-12-09,fifa.world,Netherlands,Argentina,Argentina,120,ET,,
633844,2022-12-09,fifa.world,Netherlands,Argentina,Argentina,120,ET,,
633844,2022-12-09,fifa.world,Netherlands,Argentina,Argentina,120,ET,,
633844,2022-12-09,fifa.world,Netherlands,Argentina,Netherlands,120,ET,,
633844,2022-12-09,fifa.world,Netherlands,Argentina,Netherlands,120,ET,,
633844,2022-12-09,fifa.world,Netherlands,Argentina,Netherlands,120,ET,,
633845,2022-12-10,fifa.world,Morocco,Portugal,Morocco,42,1,,
633846,2022-12-10,fifa.world,England,France,France,17,1,,
633846,2022-12-10,fifa.world,England,France,England,54,2,,
633846,2022-12-10,fifa.world,England,France,France,78,2,,
633847,2022-12-13,fifa.world,Argentina,Croatia,Argentina,34,1,,
633847,2022-12-13,fifa.world,Argentina,Croatia,Argentina,39,1,,
633847,2022-12-13,fifa.world,Argentina,Croatia,Argentina,69,2,,
633848,2022-12-14,fifa.world,France,Morocco,France,5,1,,
633848,2022-12-14,fifa.world,France,Morocco,France,79,2,,
633849,2022-12-17,fifa.world,Croatia,Morocco,Croatia,7,1,,
633849,2022-12-17,fifa.world,Croatia,Morocco,Morocco,9,1,,
633849,2022-12-17,fifa.world,Croatia,Morocco,Croatia,42,1,,
633850,2022-12-18,fifa.world,Argentina,France,Argentina,23,1,,
633850,2022-12-18,fifa.world,Argentina,France,Argentina,36,1,,
633850,2022-12-18,fifa.world,Argentina,France,France,80,2,,
633850,2022-12-18,fifa.world,Argentina,France,France,81,2,,
633850,2022-12-18,fifa.world,Argentina,France,Argentina,108,ET,,
633850,2022-12-18,fifa.world,Argentina,France,France,118,ET,,
633850,2022-12-18,fifa.world,Argentina,France,France,120,ET,,
633850,2022-12-18,fifa.world,Argentina,France,Argentina,120,ET,,
633850,2022-12-18,fifa.world,Argentina,France,Argentina,120,ET,,
633850,2022-12-18,fifa.world,Argentina,France,Argentina,120,ET,,
633850,2022-12-18,fifa.world,Argentina,France,France,120,ET,,
633850,2022-12-18,fifa.world,Argentina,France,Argentina,120,ET,,
498202,2018-06-14,fifa.world,Russia,Saudi Arabia,Russia,12,1,,
498202,2018-06-14,fifa.world,Russia,Saudi Arabia,Russia,43,1,,
498202,2018-06-14,fifa.world,Russia,Saudi Arabia,Russia,71,2,,
498202,2018-06-14,fifa.world,Russia,Saudi Arabia,Russia,90,2,,
498202,2018-06-14,fifa.world,Russia,Saudi Arabia,Russia,90,2,,
498201,2018-06-15,fifa.world,Egypt,Uruguay,Uruguay,89,2,,
498200,2018-06-15,fifa.world,Morocco,Iran,Iran,90,2,,
498199,2018-06-15,fifa.world,Portugal,Spain,Portugal,4,1,,
498199,2018-06-15,fifa.world,Portugal,Spain,Spain,24,1,,
498199,2018-06-15,fifa.world,Portugal,Spain,Portugal,44,1,,
498199,2018-06-15,fifa.world,Portugal,Spain,Spain,55,2,,
498199,2018-06-15,fifa.world,Portugal,Spain,Spain,58,2,,
498199,2018-06-15,fifa.world,Portugal,Spain,Portugal,88,2,,
498198,2018-06-16,fifa.world,France,Australia,France,58,2,,
498198,2018-06-16,fifa.world,France,Australia,Australia,62,2,,
498198,2018-06-16,fifa.world,France,Australia,France,80,2,,
498197,2018-06-16,fifa.world,Argentina,Iceland,Argentina,19,1,,
498197,2018-06-16,fifa.world,Argentina,Iceland,Iceland,23,1,,
498196,2018-06-16,fifa.world,Peru,Denmark,Denmark,59,2,,
498195,2018-06-16,fifa.world,Croatia,Nigeria,Croatia,32,1,,
498195,2018-06-16,fifa.world,Croatia,Nigeria,Croatia,71,2,,
498194,2018-06-17,fifa.world,Costa Rica,Serbia,Serbia,56,2,,
498193,2018-06-17,fifa.world,Germany,Mexico,Mexico,35,1,,
498192,2018-06-17,fifa.world,Brazil,Switzerland,Brazil,20,1,,
498192,2018-06-17,fifa.world,Brazil,Switzerland,Switzerland,50,2,,
498191,2018-06-18,fifa.world,Sweden,South Korea,Sweden,65,2,,
498190,2018-06-18,fifa.world,Belgium,Panama,Belgium,47,2,,
498190,2018-06-18,fifa.world,Belgium,Panama,Belgium,69,2,,
498190,2018-06-18,fifa.world,Belgium,Panama,Belgium,75,2,,
498189,2018-06-18,fifa.world,Tunisia,England,England,11,1,,
498189,2018-06-18,fifa.world,Tunisia,England,Tunisia,35,1,,
498189,2018-06-18,fifa.world,Tunisia,England,England,90,2,,
498187,2018-06-19,fifa.world,Colombia,Japan,Japan,6,1,,
498187,2018-06-19,fifa.world,Colombia,Japan,Colombia,39,1,,
498187,2018-06-19,fifa.world,Colombia,Japan,Japan,73,2,,
498188,2018-06-19,fifa.world,Poland,Senegal,Senegal,37,1,,
498188,2018-06-19,fifa.world,Poland,Senegal,Senegal,60,2,,
498188,2018-06-19,fifa.world,Poland,Senegal,Poland,86,2,,
498186,2018-06-19,fifa.world,Russia,Egypt,Russia,47,2,,
498186,2018-06-19,fifa.world,Russia,Egypt,Russia,59,2,,
498186,2018-06-19,fifa.world,Russia,Egypt,Russia,62,2,,
498186,2018-06-19,fifa.world,Russia,Egypt,Egypt,73,2,,
498185,2018-06-20,fifa.world,Portugal,Morocco,Portugal,4,1,,
498184,2018-06-20,fifa.world,Uruguay,Saudi Arabia,Uruguay,23,1,,
498183,2018-06-20,fifa.world,Iran,Spain,Spain,54,2,,
498181,2018-06-21,fifa.world,Denmark,Australia,Denmark,7,1,,
498181,2018-06-21,fifa.world,Denmark,Australia,Australia,38,1,,
498182,2018-06-21,fifa.world,France,Peru,France,34,1,,
498180,2018-06-21,fifa.world,Argentina,Croatia,Croatia,53,2,,
498180,2018-06-21,fifa.world,Argentina,Croatia,Croatia,80,2,,
498180,2018-06-21,fifa.world,Argentina,Croatia,Croatia,90,2,,
498179,2018-06-22,fifa.world,Brazil,Costa Rica,Brazil,90,2,,
498179,2018-06-22,fifa.world,Brazil,Costa Rica,Brazil,90,2,,
498178,2018-06-22,fifa.world,Nigeria,Iceland,Nigeria,49,2,,
498178,2018-06-22,fifa.world,Nigeria,Iceland,Nigeria,75,2,,
498177,2018-06-22,fifa.world,Serbia,Switzerland,Serbia,5,1,,
498177,2018-06-22,fifa.world,Serbia,Switzerland,Switzerland,52,2,,
498177,2018-06-22,fifa.world,Serbia,Switzerland,Switzerland,90,2,,
498176,2018-06-23,fifa.world,Belgium,Tunisia,Belgium,6,1,,
498176,2018-06-23,fifa.world,Belgium,Tunisia,Belgium,16,1,,
498176,2018-06-23,fifa.world,Belgium,Tunisia,Tunisia,18,1,,
498176,2018-06-23,fifa.world,Belgium,Tunisia,Belgium,45,1,,
498176,2018-06-23,fifa.world,Belgium,Tunisia,Belgium,51,2,,
498176,2018-06-23,fifa.world,Belgium,Tunisia,Belgium,90,2,,
498176,2018-06-23,fifa.world,Belgium,Tunisia,Tunisia,90,2,,
498174,2018-06-23,fifa.world,South Korea,Mexico,Mexico,26,1,,
498174,2018-06-23,fifa.world,South Korea,Mexico,Mexico,66,2,,
498174,2018-06-23,fifa.world,South Korea,Mexico,South Korea,90,2,,
498175,2018-06-23,fifa.world,Germany,Sweden,Sweden,32,1,,
498175,2018-06-23,fifa.world,Germany,Sweden,Germany,48,2,,
498175,2018-06-23,fifa.world,Germany,Sweden,Germany,90,2,,
498173,2018-06-24,fifa.world,England,Panama,England,8,1,,
498173,2018-06-24,fifa.world,England,Panama,England,22,1,,
498173,2018-06-24,fifa.world,England,Panama,England,36,1,,
498173,2018-06-24,fifa.world,England,Panama,England,40,1,,
498173,2018-06-24,fifa.world,England,Panama,England,45,1,,
498173,2018-06-24,fifa.world,England,Panama,England,62,2,,
498173,2018-06-24,fifa.world,England,Panama,Panama,78,2,,
498172,2018-06-24,fifa.world,Japan,Senegal,Senegal,11,1,,
498172,2018-06-24,fifa.world,Japan,Senegal,Japan,34,1,,
498172,2018-06-24,fifa.world,Japan,Senegal,Senegal,71,2,,
498172,2018-06-24,fifa.world,Japan,Senegal,Japan,78,2,,
498171,2018-06-24,fifa.world,Poland,Colombia,Colombia,40,1,,
498171,2018-06-24,fifa.world,Poland,Colombia,Colombia,70,2,,
498171,2018-06-24,fifa.world,Poland,Colombia,Colombia,75,2,,
498169,2018-06-25,fifa.world,Saudi Arabia,Egypt,Egypt,22,1,,
498169,2018-06-25,fifa.world,Saudi Arabia,Egypt,Saudi Arabia,45,1,,
498169,2018-06-25,fifa.world,Saudi Arabia,Egypt,Saudi Arabia,90,2,,
498170,2018-06-25,fifa.world,Uruguay,Russia,Uruguay,10,1,,
498170,2018-06-25,fifa.world,Uruguay,Russia,Uruguay,23,1,,
498170,2018-06-25,fifa.world,Uruguay,Russia,Uruguay,90,2,,
498167,2018-06-25,fifa.world,Iran,Portugal,Portugal,45,1,,
498167,2018-06-25,fifa.world,Iran,Portugal,Iran,90,2,,
498168,2018-06-25,fifa.world,Spain,Morocco,Morocco,14,1,,
498168,2018-06-25,fifa.world,Spain,Morocco,Spain,19,1,,
498168,2018-06-25,fifa.world,Spain,Morocco,Morocco,81,2,,
498168,2018-06-25,fifa.world,Spain,Morocco,Spain,90,2,,
498166,2018-06-26,fifa.world,Australia,Peru,Peru,18,1,,
498166,2018-06-26,fifa.world,Australia,Peru,Peru,50,2,,
498164,2018-06-26,fifa.world,Iceland,Croatia,Croatia,53,2,,
498164,2018-06-26,fifa.world,Iceland,Croatia,Iceland,76,2,,
498164,2018-06-26,fifa.world,Iceland,Croatia,Croatia,90,2,,
498163,2018-06-26,fifa.world,Nigeria,Argentina,Argentina,14,1,,
498163,2018-06-26,fifa.world,Nigeria,Argentina,Nigeria,51,2,,
498163,2018-06-26,fifa.world,Nigeria,Argentina,Argentina,86,2,,
498162,2018-06-27,fifa.world,Mexico,Sweden,Sweden,50,2,,
498162,2018-06-27,fifa.world,Mexico,Sweden,Sweden,62,2,,
498162,2018-06-27,fifa.world,Mexico,Sweden,Sweden,74,2,,
498161,2018-06-27,fifa.world,South Korea,Germany,South Korea,90,2,,
498161,2018-06-27,fifa.world,South Korea,Germany,South Korea,90,2,,
498159,2018-06-27,fifa.world,Serbia,Brazil,Brazil,36,1,,
498159,2018-06-27,fifa.world,Serbia,Brazil,Brazil,68,2,,
498160,2018-06-27,fifa.world,Switzerland,Costa Rica,Switzerland,31,1,,
498160,2018-06-27,fifa.world,Switzerland,Costa Rica,Costa Rica,56,2,,
498160,2018-06-27,fifa.world,Switzerland,Costa Rica,Switzerland,88,2,,
498160,2018-06-27,fifa.world,Switzerland,Costa Rica,Costa Rica,90,2,,
498157,2018-06-28,fifa.world,Japan,Poland,Poland,59,2,,
498158,2018-06-28,fifa.world,Senegal,Colombia,Colombia,74,2,,
498155,2018-06-28,fifa.world,England,Belgium,Belgium,51,2,,
498156,2018-06-28,fifa.world,Panama,Tunisia,Panama,33,1,,
498156,2018-06-28,fifa.world,Panama,Tunisia,Tunisia,51,2,,
498156,2018-06-28,fifa.world,Panama,Tunisia,Tunisia,66,2,,
498154,2018-06-30,fifa.world,France,Argentina,France,13,1,,
498154,2018-06-30,fifa.world,France,Argentina,Argentina,41,1,,
498154,2018-06-30,fifa.world,France,Argentina,Argentina,48,2,,
498154,2018-06-30,fifa.world,France,Argentina,France,57,2,,
498154,2018-06-30,fifa.world,France,Argentina,France,64,2,,
498154,2018-06-30,fifa.world,France,Argentina,France,68,2,,
498154,2018-06-30,fifa.world,France,Argentina,Argentina,90,2,,
498153,2018-06-30,fifa.world,Uruguay,Portugal,Uruguay,7,1,,
498153,2018-06-30,fifa.world,Uruguay,Portugal,Portugal,55,2,,
498153,2018-06-30,fifa.world,Uruguay,Portugal,Uruguay,62,2,,
498152,2018-07-01,fifa.world,Spain,Russia,Spain,12,1,,
498152,2018-07-01,fifa.world,Spain,Russia,Russia,41,1,,
498152,2018-07-01,fifa.world,Spain,Russia,Spain,120,ET,,
498152,2018-07-01,fifa.world,Spain,Russia,Russia,120,ET,,
498152,2018-07-01,fifa.world,Spain,Russia,Spain,120,ET,,
498152,2018-07-01,fifa.world,Spain,Russia,Russia,120,ET,,
498152,2018-07-01,fifa.world,Spain,Russia,Russia,120,ET,,
498152,2018-07-01,fifa.world,Spain,Russia,Spain,120,ET,,
498152,2018-07-01,fifa.world,Spain,Russia,Russia,120,ET,,
498151,2018-07-01,fifa.world,Croatia,Denmark,Denmark,1,1,,
498151,2018-07-01,fifa.world,Croatia,Denmark,Croatia,4,1,,
498151,2018-07-01,fifa.world,Croatia,Denmark,Denmark,120,ET,,
498151,2018-07-01,fifa.world,Croatia,Denmark,Croatia,120,ET,,
498151,2018-07-01,fifa.world,Croatia,Denmark,Denmark,120,ET,,
498151,2018-07-01,fifa.world,Croatia,Denmark,Croatia,120,ET,,
498151,2018-07-01,fifa.world,Croatia,Denmark,Croatia,120,ET,,
498150,2018-07-02,fifa.world,Brazil,Mexico,Brazil,51,2,,
498150,2018-07-02,fifa.world,Brazil,Mexico,Brazil,88,2,,
498149,2018-07-02,fifa.world,Belgium,Japan,Japan,48,2,,
498149,2018-07-02,fifa.world,Belgium,Japan,Japan,52,2,,
498149,2018-07-02,fifa.world,Belgium,Japan,Belgium,69,2,,
498149,2018-07-02,fifa.world,Belgium,Japan,Belgium,74,2,,
498149,2018-07-02,fifa.world,Belgium,Japan,Belgium,90,2,,
498148,2018-07-03,fifa.world,Sweden,Switzerland,Sweden,66,2,,
498147,2018-07-03,fifa.world,Colombia,England,England,57,2,,
498147,2018-07-03,fifa.world,Colombia,England,Colombia,90,2,,
498147,2018-07-03,fifa.world,Colombia,England,Colombia,120,ET,,
498147,2018-07-03,fifa.world,Colombia,England,England,120,ET,,
498147,2018-07-03,fifa.world,Colombia,England,Colombia,120,ET,,
498147,2018-07-03,fifa.world,Colombia,England,England,120,ET,,
498147,2018-07-03,fifa.world,Colombia,England,Colombia,120,ET,,
498147,2018-07-03,fifa.world,Colombia,England,England,120,ET,,
498147,2018-07-03,fifa.world,Colombia,England,England,120,ET,,
498146,2018-07-06,fifa.world,Uruguay,France,France,40,1,,
498146,2018-07-06,fifa.world,Uruguay,France,France,61,2,,
498145,2018-07-06,fifa.world,Brazil,Belgium,Belgium,13,1,,
498145,2018-07-06,fifa.world,Brazil,Belgium,Belgium,31,1,,
498145,2018-07-06,fifa.world,Brazil,Belgium,Brazil,76,2,,
498144,2018-07-07,fifa.world,Sweden,England,England,30,1,,
498144,2018-07-07,fifa.world,Sweden,England,England,59,2,,
498143,2018-07-07,fifa.world,Russia,Croatia,Russia,31,1,,
498143,2018-07-07,fifa.world,Russia,Croatia,Croatia,39,1,,
498143,2018-07-07,fifa.world,Russia,Croatia,Croatia,101,ET,,
498143,2018-07-07,fifa.world,Russia,Croatia,Russia,115,ET,,
498143,2018-07-07,fifa.world,Russia,Croatia,Croatia,120,ET,,
498143,2018-07-07,fifa.world,Russia,Croatia,Russia,120,ET,,
498143,2018-07-07,fifa.world,Russia,Croatia,Croatia,120,ET,,
498143,2018-07-07,fifa.world,Russia,Croatia,Russia,120,ET,,
498143,2018-07-07,fifa.world,Russia,Croatia,Croatia,120,ET,,
498143,2018-07-07,fifa.world,Russia,Croatia,Russia,120,ET,,
498143,2018-07-07,fifa.world,Russia,Croatia,Croatia,120,ET,,
498142,2018-07-10,fifa.world,France,Belgium,France,51,2,,
498141,2018-07-11,fifa.world,Croatia,England,England,5,1,,
498141,2018-07-11,fifa.world,Croatia,England,Croatia,68,2,,
498141,2018-07-11,fifa.world,Croatia,England,Croatia,109,ET,,
498140,2018-07-14,fifa.world,Belgium,England,Belgium,4,1,,
498140,2018-07-14,fifa.world,Belgium,England,Belgium,82,2,,
498139,2018-07-15,fifa.world,France,Croatia,France,18,1,,
498139,2018-07-15,fifa.world,France,Croatia,Croatia,28,1,,
498139,2018-07-15,fifa.world,France,Croatia,France,38,1,,
498139,2018-07-15,fifa.world,France,Croatia,France,59,2,,
498139,2018-07-15,fifa.world,France,Croatia,France,65,2,,
498139,2018-07-15,fifa.world,France,Croatia,Croatia,69,2,,
383303,2014-06-12,fifa.world,Brazil,Croatia,Croatia,11,1,,
383303,2014-06-12,fifa.world,Brazil,Croatia,Brazil,29,1,,
383303,2014-06-12,fifa.world,Brazil,Croatia,Brazil,71,2,,
383303,2014-06-12,fifa.world,Brazil,Croatia,Brazil,90,2,,
383302,2014-06-13,fifa.world,Mexico,Cameroon,Mexico,61,2,,
383301,2014-06-13,fifa.world,Spain,Netherlands,Spain,27,1,,
383301,2014-06-13,fifa.world,Spain,Netherlands,Netherlands,44,1,,
383301,2014-06-13,fifa.world,Spain,Netherlands,Netherlands,53,2,,
383301,2014-06-13,fifa.world,Spain,Netherlands,Netherlands,65,2,,
383301,2014-06-13,fifa.world,Spain,Netherlands,Netherlands,72,2,,
383301,2014-06-13,fifa.world,Spain,Netherlands,Netherlands,80,2,,
383300,2014-06-13,fifa.world,Chile,Australia,Chile,12,1,,
383300,2014-06-13,fifa.world,Chile,Australia,Chile,14,1,,
383300,2014-06-13,fifa.world,Chile,Australia,Australia,35,1,,
383300,2014-06-13,fifa.world,Chile,Australia,Chile,90,2,,
383299,2014-06-14,fifa.world,Colombia,Greece,Colombia,5,1,,
383299,2014-06-14,fifa.world,Colombia,Greece,Colombia,58,2,,
383299,2014-06-14,fifa.world,Colombia,Greece,Colombia,90,2,,
383298,2014-06-14,fifa.world,Uruguay,Costa Rica,Uruguay,24,1,,
383298,2014-06-14,fifa.world,Uruguay,Costa Rica,Costa Rica,54,2,,
383298,2014-06-14,fifa.world,Uruguay,Costa Rica,Costa Rica,57,2,,
383298,2014-06-14,fifa.world,Uruguay,Costa Rica,Costa Rica,84,2,,
383296,2014-06-14,fifa.world,England,Italy,Italy,35,1,,
383296,2014-06-14,fifa.world,England,Italy,England,37,1,,
383296,2014-06-14,fifa.world,England,Italy,Italy,50,2,,
383297,2014-06-14,fifa.world,Ivory Coast,Japan,Japan,16,1,,
383297,2014-06-14,fifa.world,Ivory Coast,Japan,Ivory Coast,64,2,,
383297,2014-06-14,fifa.world,Ivory Coast,Japan,Ivory Coast,66,2,,
383295,2014-06-15,fifa.world,Switzerland,Ecuador,Ecuador,22,1,,
383295,2014-06-15,fifa.world,Switzerland,Ecuador,Switzerland,48,2,,
383295,2014-06-15,fifa.world,Switzerland,Ecuador,Switzerland,90,2,,
383294,2014-06-15,fifa.world,France,Honduras,France,45,1,,
383294,2014-06-15,fifa.world,France,Honduras,France,48,2,,
383294,2014-06-15,fifa.world,France,Honduras,France,72,2,,
383293,2014-06-15,fifa.world,Argentina,Bosnia-Herzegovina,Argentina,3,1,,
383293,2014-06-15,fifa.world,Argentina,Bosnia-Herzegovina,Argentina,65,2,,
383293,2014-06-15,fifa.world,Argentina,Bosnia-Herzegovina,Bosnia-Herzegovina,84,2,,
383292,2014-06-16,fifa.world,Germany,Portugal,Germany,12,1,,
383292,2014-06-16,fifa.world,Germany,Portugal,Germany,32,1,,
383292,2014-06-16,fifa.world,Germany,Portugal,Germany,45,1,,
383292,2014-06-16,fifa.world,Germany,Portugal,Germany,78,2,,
383290,2014-06-16,fifa.world,Ghana,United States,United States,1,1,,
383290,2014-06-16,fifa.world,Ghana,United States,Ghana,82,2,,
383290,2014-06-16,fifa.world,Ghana,United States,United States,86,2,,
383289,2014-06-17,fifa.world,Belgium,Algeria,Algeria,25,1,,
383289,2014-06-17,fifa.world,Belgium,Algeria,Belgium,70,2,,
383289,2014-06-17,fifa.world,Belgium,Algeria,Belgium,80,2,,
383287,2014-06-17,fifa.world,Russia,South Korea,South Korea,68,2,,
383287,2014-06-17,fifa.world,Russia,South Korea,Russia,74,2,,
383286,2014-06-18,fifa.world,Australia,Netherlands,Netherlands,20,1,,
383286,2014-06-18,fifa.world,Australia,Netherlands,Australia,21,1,,
383286,2014-06-18,fifa.world,Australia,Netherlands,Australia,54,2,,
383286,2014-06-18,fifa.world,Australia,Netherlands,Netherlands,58,2,,
383286,2014-06-18,fifa.world,Australia,Netherlands,Netherlands,68,2,,
383284,2014-06-18,fifa.world,Spain,Chile,Chile,20,1,,
383284,2014-06-18,fifa.world,Spain,Chile,Chile,43,1,,
383285,2014-06-18,fifa.world,Cameroon,Croatia,Croatia,11,1,,
383285,2014-06-18,fifa.world,Cameroon,Croatia,Croatia,48,2,,
383285,2014-06-18,fifa.world,Cameroon,Croatia,Croatia,61,2,,
383285,2014-06-18,fifa.world,Cameroon,Croatia,Croatia,73,2,,
383283,2014-06-19,fifa.world,Colombia,Ivory Coast,Colombia,64,2,,
383283,2014-06-19,fifa.world,Colombia,Ivory Coast,Colombia,70,2,,
383283,2014-06-19,fifa.world,Colombia,Ivory Coast,Ivory Coast,73,2,,
383282,2014-06-19,fifa.world,Uruguay,England,Uruguay,39,1,,
383282,2014-06-19,fifa.world,Uruguay,England,England,75,2,,
383282,2014-06-19,fifa.world,Uruguay,England,Uruguay,85,2,,
383280,2014-06-20,fifa.world,Italy,Costa Rica,Costa Rica,44,1,,
383279,2014-06-20,fifa.world,Switzerland,France,France,17,1,,
383279,2014-06-20,fifa.world,Switzerland,France,France,18,1,,
383279,2014-06-20,fifa.world,Switzerland,France,France,40,1,,
383279,2014-06-20,fifa.world,Switzerland,France,France,67,2,,
383279,2014-06-20,fifa.world,Switzerland,France,France,73,2,,
383279,2014-06-20,fifa.world,Switzerland,France,Switzerland,81,2,,
383279,2014-06-20,fifa.world,Switzerland,France,Switzerland,87,2,,
383278,2014-06-20,fifa.world,Honduras,Ecuador,Honduras,31,1,,
383278,2014-06-20,fifa.world,Honduras,Ecuador,Ecuador,34,1,,
383278,2014-06-20,fifa.world,Honduras,Ecuador,Ecuador,65,2,,
383277,2014-06-21,fifa.world,Argentina,Iran,Argentina,90,2,,
383275,2014-06-21,fifa.world,Germany,Ghana,Germany,51,2,,
383275,2014-06-21,fifa.world,Germany,Ghana,Ghana,54,2,,
383275,2014-06-21,fifa.world,Germany,Ghana,Ghana,63,2,,
383275,2014-06-21,fifa.world,Germany,Ghana,Germany,71,2,,
383276,2014-06-21,fifa.world,Nigeria,Bosnia-Herzegovina,Nigeria,29,1,,
383272,2014-06-22,fifa.world,Belgium,Russia,Belgium,88,2,,
383274,2014-06-22,fifa.world,South Korea,Algeria,Algeria,26,1,,
383274,2014-06-22,fifa.world,South Korea,Algeria,Algeria,28,1,,
383274,2014-06-22,fifa.world,South Korea,Algeria,Algeria,38,1,,
383274,2014-06-22,fifa.world,South Korea,Algeria,South Korea,50,2,,
383274,2014-06-22,fifa.world,South Korea,Algeria,Algeria,62,2,,
383274,2014-06-22,fifa.world,South Korea,Algeria,South Korea,72,2,,
383273,2014-06-22,fifa.world,United States,Portugal,Portugal,5,1,,
383273,2014-06-22,fifa.world,United States,Portugal,United States,64,2,,
383273,2014-06-22,fifa.world,United States,Portugal,United States,81,2,,
383273,2014-06-22,fifa.world,United States,Portugal,Portugal,90,2,,
383270,2014-06-23,fifa.world,Australia,Spain,Spain,36,1,,
383270,2014-06-23,fifa.world,Australia,Spain,Spain,69,2,,
383270,2014-06-23,fifa.world,Australia,Spain,Spain,82,2,,
383271,2014-06-23,fifa.world,Netherlands,Chile,Netherlands,77,2,,
383271,2014-06-23,fifa.world,Netherlands,Chile,Netherlands,90,2,,
383269,2014-06-23,fifa.world,Cameroon,Brazil,Brazil,17,1,,
383269,2014-06-23,fifa.world,Cameroon,Brazil,Cameroon,26,1,,
383269,2014-06-23,fifa.world,Cameroon,Brazil,Brazil,34,1,,
383269,2014-06-23,fifa.world,Cameroon,Brazil,Brazil,49,2,,
383269,2014-06-23,fifa.world,Cameroon,Brazil,Brazil,84,2,,
383268,2014-06-23,fifa.world,Croatia,Mexico,Mexico,72,2,,
383268,2014-06-23,fifa.world,Croatia,Mexico,Mexico,75,2,,
383268,2014-06-23,fifa.world,Croatia,Mexico,Mexico,82,2,,
383268,2014-06-23,fifa.world,Croatia,Mexico,Croatia,87,2,,
383266,2014-06-24,fifa.world,Italy,Uruguay,Uruguay,81,2,,
383265,2014-06-24,fifa.world,Greece,Ivory Coast,Greece,42,1,,
383265,2014-06-24,fifa.world,Greece,Ivory Coast,Ivory Coast,74,2,,
383265,2014-06-24,fifa.world,Greece,Ivory Coast,Greece,90,2,,
383264,2014-06-24,fifa.world,Japan,Colombia,Colombia,17,1,,
383264,2014-06-24,fifa.world,Japan,Colombia,Japan,45,1,,
383264,2014-06-24,fifa.world,Japan,Colombia,Colombia,55,2,,
383264,2014-06-24,fifa.world,Japan,Colombia,Colombia,82,2,,
383264,2014-06-24,fifa.world,Japan,Colombia,Colombia,90,2,,
383263,2014-06-25,fifa.world,Bosnia-Herzegovina,Iran,Bosnia-Herzegovina,23,1,,
383263,2014-06-25,fifa.world,Bosnia-Herzegovina,Iran,Bosnia-Herzegovina,59,2,,
383263,2014-06-25,fifa.world,Bosnia-Herzegovina,Iran,Iran,82,2,,
383263,2014-06-25,fifa.world,Bosnia-Herzegovina,Iran,Bosnia-Herzegovina,83,2,,
383262,2014-06-25,fifa.world,Nigeria,Argentina,Argentina,3,1,,
383262,2014-06-25,fifa.world,Nigeria,Argentina,Nigeria,4,1,,
383262,2014-06-25,fifa.world,Nigeria,Argentina,Argentina,45,1,,
383262,2014-06-25,fifa.world,Nigeria,Argentina,Nigeria,47,2,,
383262,2014-06-25,fifa.world,Nigeria,Argentina,Argentina,50,2,,
383260,2014-06-25,fifa.world,Honduras,Switzerland,Switzerland,6,1,,
383260,2014-06-25,fifa.world,Honduras,Switzerland,Switzerland,31,1,,
383260,2014-06-25,fifa.world,Honduras,Switzerland,Switzerland,71,2,,
383259,2014-06-26,fifa.world,Portugal,Ghana,Portugal,31,1,,
383259,2014-06-26,fifa.world,Portugal,Ghana,Ghana,57,2,,
383259,2014-06-26,fifa.world,Portugal,Ghana,Portugal,80,2,,
383258,2014-06-26,fifa.world,United States,Germany,Germany,55,2,,
383257,2014-06-26,fifa.world,Algeria,Russia,Russia,6,1,,
383257,2014-06-26,fifa.world,Algeria,Russia,Algeria,60,2,,
383256,2014-06-26,fifa.world,South Korea,Belgium,Belgium,78,2,,
383254,2014-06-28,fifa.world,Brazil,Chile,Brazil,18,1,,
383254,2014-06-28,fifa.world,Brazil,Chile,Chile,32,1,,
383254,2014-06-28,fifa.world,Brazil,Chile,Brazil,120,ET,,
383254,2014-06-28,fifa.world,Brazil,Chile,Brazil,120,ET,,
383254,2014-06-28,fifa.world,Brazil,Chile,Chile,120,ET,,
383254,2014-06-28,fifa.world,Brazil,Chile,Chile,120,ET,,
383254,2014-06-28,fifa.world,Brazil,Chile,Brazil,120,ET,,
383253,2014-06-28,fifa.world,Colombia,Uruguay,Colombia,28,1,,
383253,2014-06-28,fifa.world,Colombia,Uruguay,Colombia,28,1,,
383253,2014-06-28,fifa.world,Colombia,Uruguay,Colombia,50,2,,
383253,2014-06-28,fifa.world,Colombia,Uruguay,Colombia,50,2,,
383252,2014-06-29,fifa.world,Netherlands,Mexico,Mexico,48,2,,
383252,2014-06-29,fifa.world,Netherlands,Mexico,Netherlands,88,2,,
383252,2014-06-29,fifa.world,Netherlands,Mexico,Netherlands,90,2,,
383251,2014-06-29,fifa.world,Costa Rica,Greece,Costa Rica,52,2,,
383251,2014-06-29,fifa.world,Costa Rica,Greece,Greece,90,2,,
383251,2014-06-29,fifa.world,Costa Rica,Greece,Costa Rica,120,ET,,
383251,2014-06-29,fifa.world,Costa Rica,Greece,Greece,120,ET,,
383251,2014-06-29,fifa.world,Costa Rica,Greece,Costa Rica,120,ET,,
383251,2014-06-29,fifa.world,Costa Rica,Greece,Greece,120,ET,,
383251,2014-06-29,fifa.world,Costa Rica,Greece,Costa Rica,120,ET,,
383251,2014-06-29,fifa.world,Costa Rica,Greece,Greece,120,ET,,
383251,2014-06-29,fifa.world,Costa Rica,Greece,Costa Rica,120,ET,,
383251,2014-06-29,fifa.world,Costa Rica,Greece,Costa Rica,120,ET,,
383250,2014-06-30,fifa.world,France,Nigeria,France,79,2,,
383250,2014-06-30,fifa.world,France,Nigeria,France,90,2,,
383249,2014-06-30,fifa.world,Germany,Algeria,Germany,92,ET,,
383249,2014-06-30,fifa.world,Germany,Algeria,Germany,120,ET,,
383249,2014-06-30,fifa.world,Germany,Algeria,Algeria,120,ET,,
383248,2014-07-01,fifa.world,Argentina,Switzerland,Argentina,118,ET,,
383247,2014-07-01,fifa.world,Belgium,United States,Belgium,93,ET,,
383247,2014-07-01,fifa.world,Belgium,United States,Belgium,105,ET,,
383247,2014-07-01,fifa.world,Belgium,United States,United States,107,ET,,
383246,2014-07-04,fifa.world,France,Germany,Germany,13,1,,
383245,2014-07-04,fifa.world,Brazil,Colombia,Brazil,7,1,,
383245,2014-07-04,fifa.world,Brazil,Colombia,Brazil,69,2,,
383245,2014-07-04,fifa.world,Brazil,Colombia,Colombia,80,2,,
383244,2014-07-05,fifa.world,Argentina,Belgium,Argentina,8,1,,
383243,2014-07-05,fifa.world,Netherlands,Costa Rica,Costa Rica,120,ET,,
383243,2014-07-05,fifa.world,Netherlands,Costa Rica,Netherlands,120,ET,,
383243,2014-07-05,fifa.world,Netherlands,Costa Rica,Netherlands,120,ET,,
383243,2014-07-05,fifa.world,Netherlands,Costa Rica,Costa Rica,120,ET,,
383243,2014-07-05,fifa.world,Netherlands,Costa Rica,Netherlands,120,ET,,
383243,2014-07-05,fifa.world,Netherlands,Costa Rica,Costa Rica,120,ET,,
383243,2014-07-05,fifa.world,Netherlands,Costa Rica,Netherlands,120,ET,,
383242,2014-07-08,fifa.world,Brazil,Germany,Germany,11,1,,
383242,2014-07-08,fifa.world,Brazil,Germany,Germany,23,1,,
383242,2014-07-08,fifa.world,Brazil,Germany,Germany,24,1,,
383242,2014-07-08,fifa.world,Brazil,Germany,Germany,26,1,,
383242,2014-07-08,fifa.world,Brazil,Germany,Germany,29,1,,
383242,2014-07-08,fifa.world,Brazil,Germany,Germany,69,2,,
383242,2014-07-08,fifa.world,Brazil,Germany,Germany,79,2,,
383242,2014-07-08,fifa.world,Brazil,Germany,Brazil,90,2,,
383240,2014-07-12,fifa.world,Brazil,Netherlands,Netherlands,3,1,,
383240,2014-07-12,fifa.world,Brazil,Netherlands,Netherlands,17,1,,
383240,2014-07-12,fifa.world,Brazil,Netherlands,Netherlands,90,2,,
383239,2014-07-13,fifa.world,Germany,Argentina,Germany,113,ET,,
383239,2014-07-13,fifa.world,Germany,Argentina,Germany,113,ET,,
690573,2024-06-14,uefa.euro,Germany,Scotland,Germany,10,1,,
690573,2024-06-14,uefa.euro,Germany,Scotland,Germany,19,1,,
690573,2024-06-14,uefa.euro,Germany,Scotland,Germany,45,1,,
690573,2024-06-14,uefa.euro,Germany,Scotland,Germany,68,2,,
690573,2024-06-14,uefa.euro,Germany,Scotland,Scotland,87,2,,
690573,2024-06-14,uefa.euro,Germany,Scotland,Germany,90,2,,
690574,2024-06-15,uefa.euro,Hungary,Switzerland,Switzerland,12,1,,
690574,2024-06-15,uefa.euro,Hungary,Switzerland,Switzerland,45,1,,
690574,2024-06-15,uefa.euro,Hungary,Switzerland,Hungary,66,2,,
690574,2024-06-15,uefa.euro,Hungary,Switzerland,Switzerland,90,2,,
690575,2024-06-15,uefa.euro,Spain,Croatia,Spain,29,1,,
690575,2024-06-15,uefa.euro,Spain,Croatia,Spain,32,1,,
690575,2024-06-15,uefa.euro,Spain,Croatia,Spain,45,1,,
690576,2024-06-15,uefa.euro,Italy,Albania,Albania,1,1,,
690576,2024-06-15,uefa.euro,Italy,Albania,Italy,11,1,,
690576,2024-06-15,uefa.euro,Italy,Albania,Italy,16,1,,
690579,2024-06-16,uefa.euro,Poland,Netherlands,Poland,16,1,,
690579,2024-06-16,uefa.euro,Poland,Netherlands,Netherlands,29,1,,
690579,2024-06-16,uefa.euro,Poland,Netherlands,Netherlands,83,2,,
690577,2024-06-16,uefa.euro,Slovenia,Denmark,Denmark,17,1,,
690577,2024-06-16,uefa.euro,Slovenia,Denmark,Slovenia,77,2,,
690578,2024-06-16,uefa.euro,Serbia,England,England,13,1,,
690582,2024-06-17,uefa.euro,Romania,Ukraine,Romania,29,1,,
690582,2024-06-17,uefa.euro,Romania,Ukraine,Romania,53,2,,
690582,2024-06-17,uefa.euro,Romania,Ukraine,Romania,57,2,,
690581,2024-06-17,uefa.euro,Belgium,Slovakia,Slovakia,7,1,,
690580,2024-06-17,uefa.euro,Austria,France,France,38,1,,
690583,2024-06-18,uefa.euro,Türkiye,Georgia,Türkiye,25,1,,
690583,2024-06-18,uefa.euro,Türkiye,Georgia,Georgia,32,1,,
690583,2024-06-18,uefa.euro,Türkiye,Georgia,Türkiye,65,2,,
690583,2024-06-18,uefa.euro,Türkiye,Georgia,Türkiye,90,2,,
690584,2024-06-18,uefa.euro,Portugal,Czechia,Czechia,62,2,,
690584,2024-06-18,uefa.euro,Portugal,Czechia,Portugal,69,2,,
690584,2024-06-18,uefa.euro,Portugal,Czechia,Portugal,90,2,,
690586,2024-06-19,uefa.euro,Croatia,Albania,Albania,11,1,,
690586,2024-06-19,uefa.euro,Croatia,Albania,Croatia,74,2,,
690586,2024-06-19,uefa.euro,Croatia,Albania,Croatia,76,2,,
690586,2024-06-19,uefa.euro,Croatia,Albania,Albania,90,2,,
690587,2024-06-19,uefa.euro,Germany,Hungary,Germany,22,1,,
690587,2024-06-19,uefa.euro,Germany,Hungary,Germany,67,2,,
690585,2024-06-19,uefa.euro,Scotland,Switzerland,Scotland,13,1,,
690585,2024-06-19,uefa.euro,Scotland,Switzerland,Switzerland,26,1,,
690589,2024-06-20,uefa.euro,Slovenia,Serbia,Slovenia,69,2,,
690589,2024-06-20,uefa.euro,Slovenia,Serbia,Serbia,90,2,,
690590,2024-06-20,uefa.euro,Denmark,England,England,18,1,,
690590,2024-06-20,uefa.euro,Denmark,England,Denmark,34,1,,
690588,2024-06-20,uefa.euro,Spain,Italy,Spain,55,2,,
690593,2024-06-21,uefa.euro,Slovakia,Ukraine,Slovakia,17,1,,
690593,2024-06-21,uefa.euro,Slovakia,Ukraine,Ukraine,54,2,,
690593,2024-06-21,uefa.euro,Slovakia,Ukraine,Ukraine,80,2,,
690591,2024-06-21,uefa.euro,Poland,Austria,Austria,9,1,,
690591,2024-06-21,uefa.euro,Poland,Austria,Poland,30,1,,
690591,2024-06-21,uefa.euro,Poland,Austria,Austria,66,2,,
690591,2024-06-21,uefa.euro,Poland,Austria,Austria,78,2,,
690596,2024-06-22,uefa.euro,Georgia,Czechia,Georgia,45,1,,
690596,2024-06-22,uefa.euro,Georgia,Czechia,Czechia,59,2,,
690595,2024-06-22,uefa.euro,Türkiye,Portugal,Portugal,21,1,,
690595,2024-06-22,uefa.euro,Türkiye,Portugal,Portugal,28,1,,
690595,2024-06-22,uefa.euro,Türkiye,Portugal,Portugal,56,2,,
690594,2024-06-22,uefa.euro,Belgium,Romania,Belgium,2,1,,
690594,2024-06-22,uefa.euro,Belgium,Romania,Belgium,80,2,,
690597,2024-06-23,uefa.euro,Scotland,Hungary,Hungary,90,2,,
690598,2024-06-23,uefa.euro,Switzerland,Germany,Switzerland,28,1,,
690598,2024-06-23,uefa.euro,Switzerland,Germany,Germany,90,2,,
690600,2024-06-24,uefa.euro,Albania,Spain,Spain,13,1,,
690599,2024-06-24,uefa.euro,Croatia,Italy,Croatia,55,2,,
690599,2024-06-24,uefa.euro,Croatia,Italy,Italy,90,2,,
690604,2024-06-25,uefa.euro,France,Poland,France,56,2,,
690604,2024-06-25,uefa.euro,France,Poland,Poland,79,2,,
690603,2024-06-25,uefa.euro,Netherlands,Austria,Austria,6,1,,
690603,2024-06-25,uefa.euro,Netherlands,Austria,Netherlands,47,2,,
690603,2024-06-25,uefa.euro,Netherlands,Austria,Austria,59,2,,
690603,2024-06-25,uefa.euro,Netherlands,Austria,Netherlands,75,2,,
690603,2024-06-25,uefa.euro,Netherlands,Austria,Austria,80,2,,
690605,2024-06-26,uefa.euro,Slovakia,Romania,Slovakia,24,1,,
690605,2024-06-26,uefa.euro,Slovakia,Romania,Romania,37,1,,
690608,2024-06-26,uefa.euro,Czechia,Türkiye,Türkiye,51,2,,
690608,2024-06-26,uefa.euro,Czechia,Türkiye,Czechia,66,2,,
690608,2024-06-26,uefa.euro,Czechia,Türkiye,Türkiye,90,2,,
690607,2024-06-26,uefa.euro,Georgia,Portugal,Georgia,2,1,,
690607,2024-06-26,uefa.euro,Georgia,Portugal,Georgia,57,2,,
703931,2024-06-29,uefa.euro,Switzerland,Italy,Switzerland,37,1,,
703931,2024-06-29,uefa.euro,Switzerland,Italy,Switzerland,46,2,,
703932,2024-06-29,uefa.euro,Germany,Denmark,Germany,53,2,,
703932,2024-06-29,uefa.euro,Germany,Denmark,Germany,68,2,,
703933,2024-06-30,uefa.euro,England,Slovakia,Slovakia,25,1,,
703933,2024-06-30,uefa.euro,England,Slovakia,England,90,2,,
703933,2024-06-30,uefa.euro,England,Slovakia,England,91,ET,,
703934,2024-06-30,uefa.euro,Spain,Georgia,Georgia,18,1,,
703934,2024-06-30,uefa.euro,Spain,Georgia,Spain,39,1,,
703934,2024-06-30,uefa.euro,Spain,Georgia,Spain,51,2,,
703934,2024-06-30,uefa.euro,Spain,Georgia,Spain,75,2,,
703934,2024-06-30,uefa.euro,Spain,Georgia,Spain,83,2,,
703935,2024-07-01,uefa.euro,France,Belgium,France,85,2,,
703936,2024-07-01,uefa.euro,Portugal,Slovenia,Portugal,120,ET,,
703936,2024-07-01,uefa.euro,Portugal,Slovenia,Portugal,120,ET,,
703936,2024-07-01,uefa.euro,Portugal,Slovenia,Portugal,120,ET,,
703937,2024-07-02,uefa.euro,Romania,Netherlands,Netherlands,20,1,,
703937,2024-07-02,uefa.euro,Romania,Netherlands,Netherlands,83,2,,
703937,2024-07-02,uefa.euro,Romania,Netherlands,Netherlands,90,2,,
703938,2024-07-02,uefa.euro,Austria,Türkiye,Türkiye,1,1,,
703938,2024-07-02,uefa.euro,Austria,Türkiye,Türkiye,59,2,,
703938,2024-07-02,uefa.euro,Austria,Türkiye,Austria,66,2,,
703939,2024-07-05,uefa.euro,Spain,Germany,Spain,51,2,,
703939,2024-07-05,uefa.euro,Spain,Germany,Germany,89,2,,
703939,2024-07-05,uefa.euro,Spain,Germany,Spain,119,ET,,
703940,2024-07-05,uefa.euro,Portugal,France,France,120,ET,,
703940,2024-07-05,uefa.euro,Portugal,France,France,120,ET,,
703940,2024-07-05,uefa.euro,Portugal,France,France,120,ET,,
703940,2024-07-05,uefa.euro,Portugal,France,France,120,ET,,
703940,2024-07-05,uefa.euro,Portugal,France,France,120,ET,,
703940,2024-07-05,uefa.euro,Portugal,France,Portugal,120,ET,,
703940,2024-07-05,uefa.euro,Portugal,France,Portugal,120,ET,,
703940,2024-07-05,uefa.euro,Portugal,France,Portugal,120,ET,,
703941,2024-07-06,uefa.euro,England,Switzerland,Switzerland,75,2,,
703941,2024-07-06,uefa.euro,England,Switzerland,England,80,2,,
703941,2024-07-06,uefa.euro,England,Switzerland,Switzerland,120,ET,,
703941,2024-07-06,uefa.euro,England,Switzerland,Switzerland,120,ET,,
703941,2024-07-06,uefa.euro,England,Switzerland,Switzerland,120,ET,,
703941,2024-07-06,uefa.euro,England,Switzerland,England,120,ET,,
703941,2024-07-06,uefa.euro,England,Switzerland,England,120,ET,,
703941,2024-07-06,uefa.euro,England,Switzerland,England,120,ET,,
703941,2024-07-06,uefa.euro,England,Switzerland,England,120,ET,,
703941,2024-07-06,uefa.euro,England,Switzerland,England,120,ET,,
703942,2024-07-06,uefa.euro,Netherlands,Türkiye,Türkiye,35,1,,
703942,2024-07-06,uefa.euro,Netherlands,Türkiye,Netherlands,70,2,,
703942,2024-07-06,uefa.euro,Netherlands,Türkiye,Netherlands,76,2,,
703943,2024-07-09,uefa.euro,Spain,France,France,9,1,,
703943,2024-07-09,uefa.euro,Spain,France,Spain,21,1,,
703943,2024-07-09,uefa.euro,Spain,France,Spain,25,1,,
703944,2024-07-10,uefa.euro,Netherlands,England,Netherlands,7,1,,
703944,2024-07-10,uefa.euro,Netherlands,England,England,18,1,,
703944,2024-07-10,uefa.euro,Netherlands,England,England,90,2,,
703945,2024-07-14,uefa.euro,Spain,England,Spain,47,2,,
703945,2024-07-14,uefa.euro,Spain,England,England,73,2,,
703945,2024-07-14,uefa.euro,Spain,England,Spain,86,2,,
560344,2021-06-11,uefa.euro,Türkiye,Italy,Italy,53,2,,
560344,2021-06-11,uefa.euro,Türkiye,Italy,Italy,66,2,,
560344,2021-06-11,uefa.euro,Türkiye,Italy,Italy,79,2,,
560343,2021-06-12,uefa.euro,Wales,Switzerland,Switzerland,49,2,,
560343,2021-06-12,uefa.euro,Wales,Switzerland,Wales,74,2,,
560341,2021-06-12,uefa.euro,Denmark,Finland,Finland,60,2,,
560342,2021-06-12,uefa.euro,Belgium,Russia,Belgium,10,1,,
560342,2021-06-12,uefa.euro,Belgium,Russia,Belgium,34,1,,
560342,2021-06-12,uefa.euro,Belgium,Russia,Belgium,88,2,,
560338,2021-06-13,uefa.euro,England,Croatia,England,57,2,,
560340,2021-06-13,uefa.euro,Austria,North Macedonia,Austria,18,1,,
560340,2021-06-13,uefa.euro,Austria,North Macedonia,North Macedonia,28,1,,
560340,2021-06-13,uefa.euro,Austria,North Macedonia,Austria,78,2,,
560340,2021-06-13,uefa.euro,Austria,North Macedonia,Austria,89,2,,
560339,2021-06-13,uefa.euro,Netherlands,Ukraine,Netherlands,52,2,,
560339,2021-06-13,uefa.euro,Netherlands,Ukraine,Netherlands,58,2,,
560339,2021-06-13,uefa.euro,Netherlands,Ukraine,Ukraine,75,2,,
560339,2021-06-13,uefa.euro,Netherlands,Ukraine,Ukraine,79,2,,
560339,2021-06-13,uefa.euro,Netherlands,Ukraine,Netherlands,85,2,,
560335,2021-06-14,uefa.euro,Scotland,Czechia,Czechia,42,1,,
560335,2021-06-14,uefa.euro,Scotland,Czechia,Czechia,52,2,,
560337,2021-06-14,uefa.euro,Poland,Slovakia,Slovakia,18,1,,
560337,2021-06-14,uefa.euro,Poland,Slovakia,Poland,46,2,,
560337,2021-06-14,uefa.euro,Poland,Slovakia,Slovakia,69,2,,
560334,2021-06-15,uefa.euro,Hungary,Portugal,Portugal,84,2,,
560334,2021-06-15,uefa.euro,Hungary,Portugal,Portugal,87,2,,
560334,2021-06-15,uefa.euro,Hungary,Portugal,Portugal,90,2,,
560333,2021-06-15,uefa.euro,France,Germany,France,20,1,,
560330,2021-06-16,uefa.euro,Finland,Russia,Russia,45,1,,
560332,2021-06-16,uefa.euro,Türkiye,Wales,Wales,42,1,,
560332,2021-06-16,uefa.euro,Türkiye,Wales,Wales,90,2,,
560331,2021-06-16,uefa.euro,Italy,Switzerland,Italy,26,1,,
560331,2021-06-16,uefa.euro,Italy,Switzerland,Italy,52,2,,
560331,2021-06-16,uefa.euro,Italy,Switzerland,Italy,89,2,,
560329,2021-06-17,uefa.euro,Ukraine,North Macedonia,Ukraine,29,1,,
560329,2021-06-17,uefa.euro,Ukraine,North Macedonia,Ukraine,34,1,,
560329,2021-06-17,uefa.euro,Ukraine,North Macedonia,North Macedonia,57,2,,
560328,2021-06-17,uefa.euro,Denmark,Belgium,Denmark,2,1,,
560328,2021-06-17,uefa.euro,Denmark,Belgium,Belgium,55,2,,
560328,2021-06-17,uefa.euro,Denmark,Belgium,Belgium,70,2,,
560327,2021-06-17,uefa.euro,Netherlands,Austria,Netherlands,11,1,,
560327,2021-06-17,uefa.euro,Netherlands,Austria,Netherlands,67,2,,
560325,2021-06-18,uefa.euro,Sweden,Slovakia,Sweden,77,2,,
560324,2021-06-18,uefa.euro,Croatia,Czechia,Czechia,37,1,,
560324,2021-06-18,uefa.euro,Croatia,Czechia,Croatia,47,2,,
560321,2021-06-19,uefa.euro,Hungary,France,Hungary,45,1,,
560321,2021-06-19,uefa.euro,Hungary,France,France,66,2,,
560322,2021-06-19,uefa.euro,Portugal,Germany,Portugal,15,1,,
560322,2021-06-19,uefa.euro,Portugal,Germany,Germany,35,1,,
560322,2021-06-19,uefa.euro,Portugal,Germany,Germany,39,1,,
560322,2021-06-19,uefa.euro,Portugal,Germany,Germany,51,2,,
560322,2021-06-19,uefa.euro,Portugal,Germany,Germany,60,2,,
560322,2021-06-19,uefa.euro,Portugal,Germany,Portugal,67,2,,
560323,2021-06-19,uefa.euro,Spain,Poland,Spain,25,1,,
560323,2021-06-19,uefa.euro,Spain,Poland,Poland,54,2,,
560320,2021-06-20,uefa.euro,Italy,Wales,Italy,39,1,,
560319,2021-06-20,uefa.euro,Switzerland,Türkiye,Switzerland,6,1,,
560319,2021-06-20,uefa.euro,Switzerland,Türkiye,Switzerland,26,1,,
560319,2021-06-20,uefa.euro,Switzerland,Türkiye,Türkiye,62,2,,
560319,2021-06-20,uefa.euro,Switzerland,Türkiye,Switzerland,68,2,,
560318,2021-06-21,uefa.euro,North Macedonia,Netherlands,Netherlands,24,1,,
560318,2021-06-21,uefa.euro,North Macedonia,Netherlands,Netherlands,50,2,,
560318,2021-06-21,uefa.euro,North Macedonia,Netherlands,Netherlands,58,2,,
560315,2021-06-21,uefa.euro,Ukraine,Austria,Austria,21,1,,
560316,2021-06-21,uefa.euro,Finland,Belgium,Belgium,74,2,,
560316,2021-06-21,uefa.euro,Finland,Belgium,Belgium,81,2,,
560317,2021-06-21,uefa.euro,Russia,Denmark,Denmark,38,1,,
560317,2021-06-21,uefa.euro,Russia,Denmark,Denmark,59,2,,
560317,2021-06-21,uefa.euro,Russia,Denmark,Russia,70,2,,
560317,2021-06-21,uefa.euro,Russia,Denmark,Denmark,79,2,,
560317,2021-06-21,uefa.euro,Russia,Denmark,Denmark,82,2,,
560314,2021-06-22,uefa.euro,Croatia,Scotland,Croatia,17,1,,
560314,2021-06-22,uefa.euro,Croatia,Scotland,Scotland,42,1,,
560314,2021-06-22,uefa.euro,Croatia,Scotland,Croatia,62,2,,
560314,2021-06-22,uefa.euro,Croatia,Scotland,Croatia,77,2,,
560313,2021-06-22,uefa.euro,Czechia,England,England,12,1,,
560311,2021-06-23,uefa.euro,Slovakia,Spain,Spain,30,1,,
560311,2021-06-23,uefa.euro,Slovakia,Spain,Spain,45,1,,
560311,2021-06-23,uefa.euro,Slovakia,Spain,Spain,56,2,,
560311,2021-06-23,uefa.euro,Slovakia,Spain,Spain,67,2,,
560311,2021-06-23,uefa.euro,Slovakia,Spain,Spain,71,2,,
560310,2021-06-23,uefa.euro,Sweden,Poland,Sweden,2,1,,
560310,2021-06-23,uefa.euro,Sweden,Poland,Sweden,59,2,,
560310,2021-06-23,uefa.euro,Sweden,Poland,Poland,61,2,,
560310,2021-06-23,uefa.euro,Sweden,Poland,Poland,84,2,,
560310,2021-06-23,uefa.euro,Sweden,Poland,Sweden,90,2,,
560312,2021-06-23,uefa.euro,Germany,Hungary,Hungary,11,1,,
560312,2021-06-23,uefa.euro,Germany,Hungary,Germany,66,2,,
560312,2021-06-23,uefa.euro,Germany,Hungary,Hungary,68,2,,
560312,2021-06-23,uefa.euro,Germany,Hungary,Germany,84,2,,
560309,2021-06-23,uefa.euro,Portugal,France,Portugal,31,1,,
560309,2021-06-23,uefa.euro,Portugal,France,France,45,1,,
560309,2021-06-23,uefa.euro,Portugal,France,France,47,2,,
560309,2021-06-23,uefa.euro,Portugal,France,Portugal,60,2,,
560307,2021-06-26,uefa.euro,Wales,Denmark,Denmark,27,1,,
560307,2021-06-26,uefa.euro,Wales,Denmark,Denmark,48,2,,
560307,2021-06-26,uefa.euro,Wales,Denmark,Denmark,88,2,,
560307,2021-06-26,uefa.euro,Wales,Denmark,Denmark,90,2,,
560308,2021-06-26,uefa.euro,Italy,Austria,Italy,95,ET,,
560308,2021-06-26,uefa.euro,Italy,Austria,Italy,105,ET,,
560308,2021-06-26,uefa.euro,Italy,Austria,Austria,114,ET,,
560306,2021-06-27,uefa.euro,Netherlands,Czechia,Czechia,68,2,,
560306,2021-06-27,uefa.euro,Netherlands,Czechia,Czechia,80,2,,
560305,2021-06-27,uefa.euro,Belgium,Portugal,Belgium,42,1,,
560304,2021-06-28,uefa.euro,Croatia,Spain,Croatia,20,1,,
560304,2021-06-28,uefa.euro,Croatia,Spain,Spain,38,1,,
560304,2021-06-28,uefa.euro,Croatia,Spain,Spain,57,2,,
560304,2021-06-28,uefa.euro,Croatia,Spain,Spain,77,2,,
560304,2021-06-28,uefa.euro,Croatia,Spain,Croatia,85,2,,
560304,2021-06-28,uefa.euro,Croatia,Spain,Croatia,90,2,,
560304,2021-06-28,uefa.euro,Croatia,Spain,Spain,100,ET,,
560304,2021-06-28,uefa.euro,Croatia,Spain,Spain,103,ET,,
560303,2021-06-28,uefa.euro,France,Switzerland,Switzerland,15,1,,
560303,2021-06-28,uefa.euro,France,Switzerland,France,57,2,,
560303,2021-06-28,uefa.euro,France,Switzerland,France,59,2,,
560303,2021-06-28,uefa.euro,France,Switzerland,France,75,2,,
560303,2021-06-28,uefa.euro,France,Switzerland,Switzerland,81,2,,
560303,2021-06-28,uefa.euro,France,Switzerland,Switzerland,90,2,,
560303,2021-06-28,uefa.euro,France,Switzerland,Switzerland,120,ET,,
560303,2021-06-28,uefa.euro,France,Switzerland,Switzerland,120,ET,,
560303,2021-06-28,uefa.euro,France,Switzerland,Switzerland,120,ET,,
560303,2021-06-28,uefa.euro,France,Switzerland,Switzerland,120,ET,,
560303,2021-06-28,uefa.euro,France,Switzerland,Switzerland,120,ET,,
560303,2021-06-28,uefa.euro,France,Switzerland,France,120,ET,,
560303,2021-06-28,uefa.euro,France,Switzerland,France,120,ET,,
560303,2021-06-28,uefa.euro,France,Switzerland,France,120,ET,,
560303,2021-06-28,uefa.euro,France,Switzerland,France,120,ET,,
560302,2021-06-29,uefa.euro,England,Germany,England,75,2,,
560302,2021-06-29,uefa.euro,England,Germany,England,86,2,,
560301,2021-06-29,uefa.euro,Sweden,Ukraine,Ukraine,27,1,,
560301,2021-06-29,uefa.euro,Sweden,Ukraine,Sweden,43,1,,
560301,2021-06-29,uefa.euro,Sweden,Ukraine,Ukraine,120,ET,,
560300,2021-07-02,uefa.euro,Switzerland,Spain,Spain,8,1,,
560300,2021-07-02,uefa.euro,Switzerland,Spain,Switzerland,68,2,,
560300,2021-07-02,uefa.euro,Switzerland,Spain,Switzerland,120,ET,,
560300,2021-07-02,uefa.euro,Switzerland,Spain,Spain,120,ET,,
560300,2021-07-02,uefa.euro,Switzerland,Spain,Spain,120,ET,,
560300,2021-07-02,uefa.euro,Switzerland,Spain,Spain,120,ET,,
560299,2021-07-02,uefa.euro,Belgium,Italy,Italy,31,1,,
560299,2021-07-02,uefa.euro,Belgium,Italy,Italy,44,1,,
560299,2021-07-02,uefa.euro,Belgium,Italy,Belgium,45,1,,
560298,2021-07-03,uefa.euro,Czechia,Denmark,Denmark,5,1,,
560298,2021-07-03,uefa.euro,Czechia,Denmark,Denmark,42,1,,
560298,2021-07-03,uefa.euro,Czechia,Denmark,Czechia,49,2,,
560297,2021-07-03,uefa.euro,Ukraine,England,England,4,1,,
560297,2021-07-03,uefa.euro,Ukraine,England,England,46,2,,
560297,2021-07-03,uefa.euro,Ukraine,England,England,50,2,,
560297,2021-07-03,uefa.euro,Ukraine,England,England,63,2,,
560296,2021-07-06,uefa.euro,Italy,Spain,Italy,60,2,,
560296,2021-07-06,uefa.euro,Italy,Spain,Spain,80,2,,
560296,2021-07-06,uefa.euro,Italy,Spain,Italy,120,ET,,
560296,2021-07-06,uefa.euro,Italy,Spain,Italy,120,ET,,
560296,2021-07-06,uefa.euro,Italy,Spain,Italy,120,ET,,
560296,2021-07-06,uefa.euro,Italy,Spain,Italy,120,ET,,
560296,2021-07-06,uefa.euro,Italy,Spain,Spain,120,ET,,
560296,2021-07-06,uefa.euro,Italy,Spain,Spain,120,ET,,
560295,2021-07-07,uefa.euro,England,Denmark,Denmark,30,1,,
560295,2021-07-07,uefa.euro,England,Denmark,England,39,1,,
560295,2021-07-07,uefa.euro,England,Denmark,England,104,ET,,
560294,2021-07-11,uefa.euro,Italy,England,England,2,1,,
560294,2021-07-11,uefa.euro,Italy,England,Italy,67,2,,
560294,2021-07-11,uefa.euro,Italy,England,England,120,ET,,
560294,2021-07-11,uefa.euro,Italy,England,England,120,ET,,
560294,2021-07-11,uefa.euro,Italy,England,Italy,120,ET,,
560294,2021-07-11,uefa.euro,Italy,England,Italy,120,ET,,
560294,2021-07-11,uefa.euro,Italy,England,Italy,120,ET,,
690705,2024-06-20,conmebol.america,Argentina,Canada,Argentina,49,2,,
690705,2024-06-20,conmebol.america,Argentina,Canada,Argentina,88,2,,
690708,2024-06-22,conmebol.america,Ecuador,Venezuela,Ecuador,40,1,,
690708,2024-06-22,conmebol.america,Ecuador,Venezuela,Venezuela,64,2,,
690708,2024-06-22,conmebol.america,Ecuador,Venezuela,Venezuela,74,2,,
690707,2024-06-22,conmebol.america,Mexico,Jamaica,Mexico,69,2,,
690709,2024-06-23,conmebol.america,United States,Bolivia,United States,3,1,,
690709,2024-06-23,conmebol.america,United States,Bolivia,United States,44,1,,
690710,2024-06-23,conmebol.america,Uruguay,Panama,Uruguay,16,1,,
690710,2024-06-23,conmebol.america,Uruguay,Panama,Uruguay,85,2,,
690710,2024-06-23,conmebol.america,Uruguay,Panama,Uruguay,90,2,,
690710,2024-06-23,conmebol.america,Uruguay,Panama,Panama,90,2,,
690711,2024-06-24,conmebol.america,Colombia,Paraguay,Colombia,32,1,,
690711,2024-06-24,conmebol.america,Colombia,Paraguay,Colombia,42,1,,
690711,2024-06-24,conmebol.america,Colombia,Paraguay,Paraguay,69,2,,
690714,2024-06-25,conmebol.america,Peru,Canada,Canada,74,2,,
690713,2024-06-25,conmebol.america,Chile,Argentina,Argentina,88,2,,
690716,2024-06-26,conmebol.america,Ecuador,Jamaica,Ecuador,13,1,,
690716,2024-06-26,conmebol.america,Ecuador,Jamaica,Ecuador,45,1,,
690716,2024-06-26,conmebol.america,Ecuador,Jamaica,Jamaica,54,2,,
690716,2024-06-26,conmebol.america,Ecuador,Jamaica,Ecuador,90,2,,
690715,2024-06-26,conmebol.america,Venezuela,Mexico,Venezuela,57,2,,
690717,2024-06-27,conmebol.america,Panama,United States,United States,22,1,,
690717,2024-06-27,conmebol.america,Panama,United States,Panama,26,1,,
690717,2024-06-27,conmebol.america,Panama,United States,Panama,83,2,,
690718,2024-06-27,conmebol.america,Uruguay,Bolivia,Uruguay,8,1,,
690718,2024-06-27,conmebol.america,Uruguay,Bolivia,Uruguay,21,1,,
690718,2024-06-27,conmebol.america,Uruguay,Bolivia,Uruguay,77,2,,
690718,2024-06-27,conmebol.america,Uruguay,Bolivia,Uruguay,81,2,,
690718,2024-06-27,conmebol.america,Uruguay,Bolivia,Uruguay,89,2,,
690720,2024-06-28,conmebol.america,Colombia,Costa Rica,Colombia,31,1,,
690720,2024-06-28,conmebol.america,Colombia,Costa Rica,Colombia,59,2,,
690720,2024-06-28,conmebol.america,Colombia,Costa Rica,Colombia,62,2,,
690719,2024-06-28,conmebol.america,Paraguay,Brazil,Brazil,35,1,,
690719,2024-06-28,conmebol.america,Paraguay,Brazil,Brazil,43,1,,
690719,2024-06-28,conmebol.america,Paraguay,Brazil,Brazil,45,1,,
690719,2024-06-28,conmebol.america,Paraguay,Brazil,Paraguay,48,2,,
690719,2024-06-28,conmebol.america,Paraguay,Brazil,Brazil,65,2,,
690721,2024-06-29,conmebol.america,Argentina,Peru,Argentina,47,2,,
690721,2024-06-29,conmebol.america,Argentina,Peru,Argentina,86,2,,
690724,2024-06-30,conmebol.america,Jamaica,Venezuela,Venezuela,49,2,,
690724,2024-06-30,conmebol.america,Jamaica,Venezuela,Venezuela,56,2,,
690724,2024-06-30,conmebol.america,Jamaica,Venezuela,Venezuela,85,2,,
690726,2024-07-01,conmebol.america,Bolivia,Panama,Panama,22,1,,
690726,2024-07-01,conmebol.america,Bolivia,Panama,Bolivia,69,2,,
690726,2024-07-01,conmebol.america,Bolivia,Panama,Panama,79,2,,
690726,2024-07-01,conmebol.america,Bolivia,Panama,Panama,90,2,,
690725,2024-07-01,conmebol.america,United States,Uruguay,Uruguay,66,2,,
690728,2024-07-02,conmebol.america,Brazil,Colombia,Brazil,12,1,,
690728,2024-07-02,conmebol.america,Brazil,Colombia,Colombia,45,1,,
690727,2024-07-02,conmebol.america,Costa Rica,Paraguay,Costa Rica,3,1,,
690727,2024-07-02,conmebol.america,Costa Rica,Paraguay,Costa Rica,7,1,,
690727,2024-07-02,conmebol.america,Costa Rica,Paraguay,Paraguay,55,2,,
703946,2024-07-04,conmebol.america,Argentina,Ecuador,Argentina,35,1,,
703946,2024-07-04,conmebol.america,Argentina,Ecuador,Ecuador,90,2,,
703946,2024-07-04,conmebol.america,Argentina,Ecuador,Argentina,92,ET,,
703946,2024-07-04,conmebol.america,Argentina,Ecuador,Argentina,94,ET,,
703946,2024-07-04,conmebol.america,Argentina,Ecuador,Ecuador,95,ET,,
703946,2024-07-04,conmebol.america,Argentina,Ecuador,Argentina,95,ET,,
703946,2024-07-04,conmebol.america,Argentina,Ecuador,Ecuador,96,ET,,
703946,2024-07-04,conmebol.america,Argentina,Ecuador,Argentina,97,ET,,
703947,2024-07-05,conmebol.america,Venezuela,Canada,Canada,13,1,,
703947,2024-07-05,conmebol.america,Venezuela,Canada,Venezuela,64,2,,
703947,2024-07-05,conmebol.america,Venezuela,Canada,Venezuela,91,ET,,
703947,2024-07-05,conmebol.america,Venezuela,Canada,Canada,92,ET,,
703947,2024-07-05,conmebol.america,Venezuela,Canada,Venezuela,94,ET,,
703947,2024-07-05,conmebol.america,Venezuela,Canada,Canada,95,ET,,
703947,2024-07-05,conmebol.america,Venezuela,Canada,Venezuela,98,ET,,
703947,2024-07-05,conmebol.america,Venezuela,Canada,Canada,99,ET,,
703947,2024-07-05,conmebol.america,Venezuela,Canada,Canada,101,ET,,
703948,2024-07-06,conmebol.america,Colombia,Panama,Colombia,8,1,,
703948,2024-07-06,conmebol.america,Colombia,Panama,Colombia,15,1,,
703948,2024-07-06,conmebol.america,Colombia,Panama,Colombia,41,1,,
703948,2024-07-06,conmebol.america,Colombia,Panama,Colombia,70,2,,
703948,2024-07-06,conmebol.america,Colombia,Panama,Colombia,90,2,,
703949,2024-07-06,conmebol.america,Uruguay,Brazil,Uruguay,91,ET,,
703949,2024-07-06,conmebol.america,Uruguay,Brazil,Uruguay,92,ET,,
703949,2024-07-06,conmebol.america,Uruguay,Brazil,Brazil,93,ET,,
703949,2024-07-06,conmebol.america,Uruguay,Brazil,Uruguay,94,ET,,
703949,2024-07-06,conmebol.america,Uruguay,Brazil,Brazil,97,ET,,
703949,2024-07-06,conmebol.america,Uruguay,Brazil,Uruguay,97,ET,,
703950,2024-07-09,conmebol.america,Argentina,Canada,Argentina,22,1,,
703950,2024-07-09,conmebol.america,Argentina,Canada,Argentina,51,2,,
703951,2024-07-10,conmebol.america,Uruguay,Colombia,Colombia,39,1,,
703952,2024-07-13,conmebol.america,Canada,Uruguay,Uruguay,8,1,,
703952,2024-07-13,conmebol.america,Canada,Uruguay,Canada,22,1,,
703952,2024-07-13,conmebol.america,Canada,Uruguay,Canada,80,2,,
703952,2024-07-13,conmebol.america,Canada,Uruguay,Uruguay,90,2,,
703952,2024-07-13,conmebol.america,Canada,Uruguay,Canada,91,ET,,
703952,2024-07-13,conmebol.america,Canada,Uruguay,Uruguay,92,ET,,
703952,2024-07-13,conmebol.america,Canada,Uruguay,Canada,94,ET,,
703952,2024-07-13,conmebol.america,Canada,Uruguay,Uruguay,94,ET,,
703952,2024-07-13,conmebol.america,Canada,Uruguay,Uruguay,96,ET,,
703952,2024-07-13,conmebol.america,Canada,Uruguay,Canada,97,ET,,
703952,2024-07-13,conmebol.america,Canada,Uruguay,Uruguay,98,ET,,
703953,2024-07-14,conmebol.america,Argentina,Colombia,Argentina,112,ET,,
